"Trial","Variable","type","Mean","Sd","Error","p"
2,"diff_acf_Stimulus","glaze_no_osc",-0.00285903508756573,0.0411453019321321,0.00122737513357601,"< 0.05"
3,"diff_acf_Stimulus","glaze_no_osc",-5.48706596205e-04,0.0417530999470478,0.00124550590755781,"> 0.05"
4,"diff_acf_Stimulus","glaze_no_osc",-8.45080457286821e-04,0.0416016607230157,0.00124098843583937,"> 0.05"
5,"diff_acf_Stimulus","glaze_no_osc",-0.00124814412398404,0.0417398756434317,0.00124511142311718,"> 0.05"
6,"diff_acf_Stimulus","glaze_no_osc",-7.40525441023341e-04,0.0408446217758796,0.00121840576575966,"> 0.05"
7,"diff_acf_Stimulus","glaze_no_osc",4.57461622837232e-04,0.0414188934359992,0.00123553643979654,"> 0.05"
8,"diff_acf_Stimulus","glaze_no_osc",3.42010537259726e-04,0.0414715051923907,0.00123710586226998,"> 0.05"
9,"diff_acf_Stimulus","glaze_no_osc",-2.98501688432984e-04,0.0415158279263137,0.00123842802103208,"> 0.05"
10,"diff_acf_Stimulus","glaze_no_osc",6.60671896469193e-04,0.0418844867181202,0.00124942520935225,"> 0.05"
11,"diff_acf_Stimulus","glaze_no_osc",-2.951470747871e-04,0.0411012544890707,0.00122606118681241,"> 0.05"
12,"diff_acf_Stimulus","glaze_no_osc",-3.48122877685728e-04,0.0417356012329881,0.00124498391633408,"> 0.05"
13,"diff_acf_Stimulus","glaze_no_osc",-6.92936879462914e-05,0.0419916785129176,0.00125262276866715,"> 0.05"
14,"diff_acf_Stimulus","glaze_no_osc",-7.2292063792038e-05,0.0410721315896995,0.00122519244309618,"> 0.05"
15,"diff_acf_Stimulus","glaze_no_osc",-3.81536232478543e-05,0.0422424415323349,0.00126010309521721,"> 0.05"
16,"diff_acf_Stimulus","glaze_no_osc",-2.53225591017499e-04,0.0422479469806627,0.00126026732418284,"> 0.05"
17,"diff_acf_Stimulus","glaze_no_osc",-7.85809745810836e-04,0.0411350672492467,0.00122706983030483,"> 0.05"
18,"diff_acf_Stimulus","glaze_no_osc",-9.68932477167985e-04,0.0411722995544333,0.00122818047972058,"> 0.05"
19,"diff_acf_Stimulus","glaze_no_osc",-9.97283965006206e-04,0.0412450632969086,0.00123035104121719,"> 0.05"
20,"diff_acf_Stimulus","glaze_no_osc",-3.78644271289808e-04,0.0408724983511088,0.00121923733130029,"> 0.05"
21,"diff_acf_Stimulus","glaze_no_osc",-0.00104480744605316,0.0414869697755107,0.00123756717483499,"> 0.05"
22,"diff_acf_Stimulus","glaze_no_osc",-0.00133966345264676,0.04134989014372,0.00123347805351423,"< 0.05"
23,"diff_acf_Stimulus","glaze_no_osc",-0.00112072055009579,0.0409699358622622,0.00122214391777922,"> 0.05"
24,"diff_acf_Stimulus","glaze_no_osc",-4.40492391431358e-04,0.0412376111587436,0.00123012874198383,"> 0.05"
25,"diff_acf_Stimulus","glaze_no_osc",-8.84087187786879e-04,0.0412138291285438,0.00122941931779389,"> 0.05"
26,"diff_acf_Stimulus","glaze_no_osc",4.80402034027259e-04,0.0408836520993536,0.00121957005053187,"> 0.05"
27,"diff_acf_Stimulus","glaze_no_osc",1.83561153244754e-04,0.0414838285796426,0.00123747347213949,"> 0.05"
28,"diff_acf_Stimulus","glaze_no_osc",-0.00186371807657714,0.0404535001466098,0.00120673850511442,"< 0.05"
29,"diff_acf_Stimulus","glaze_no_osc",-8.98024026796707e-04,0.0407864496833949,0.00121667047700418,"> 0.05"
30,"diff_acf_Stimulus","glaze_no_osc",-8.05134809743772e-04,0.0403927938390293,0.00120492762005885,"> 0.05"
31,"diff_acf_Stimulus","glaze_no_osc",4.25105478382988e-04,0.0404358583892483,0.00120621224687152,"> 0.05"
32,"diff_acf_Stimulus","glaze_no_osc",-2.95383586858264e-04,0.0413131999831612,0.00123238357641473,"> 0.05"
33,"diff_acf_Stimulus","glaze_no_osc",1.85970815798466e-04,0.0407718193897688,0.00121623405151329,"> 0.05"
34,"diff_acf_Stimulus","glaze_no_osc",-6.77101795489528e-04,0.040718349199794,0.00121463902174122,"> 0.05"
35,"diff_acf_Stimulus","glaze_no_osc",-6.73054834900464e-04,0.0401405869212865,0.00119740422164355,"> 0.05"
36,"diff_acf_Stimulus","glaze_no_osc",-7.10107450397467e-04,0.0406981593412312,0.00121403675297208,"> 0.05"
37,"diff_acf_Stimulus","glaze_no_osc",-0.00103056193833728,0.0402275994392699,0.00119999982784566,"> 0.05"
38,"diff_acf_Stimulus","glaze_no_osc",-0.00126992762442058,0.0405296465625941,0.0012090099726478,"< 0.05"
39,"diff_acf_Stimulus","glaze_no_osc",-0.00125012147862285,0.0404958564375466,0.00120800200436719,"< 0.05"
40,"diff_acf_Stimulus","glaze_no_osc",-3.6374391018043e-04,0.0403536115289674,0.00120375880148692,"> 0.05"
41,"diff_acf_Stimulus","glaze_no_osc",-4.50179020561691e-04,0.0407237788781144,0.00121480099046767,"> 0.05"
42,"diff_acf_Stimulus","glaze_no_osc",-6.79744533795031e-04,0.0407199089368026,0.00121468554910471,"> 0.05"
43,"diff_acf_Stimulus","glaze_no_osc",-2.1303541764481e-04,0.0401930585388668,0.00119896946373955,"> 0.05"
44,"diff_acf_Stimulus","glaze_no_osc",-5.71975974039858e-04,0.0402193934288289,0.00119975504040485,"> 0.05"
45,"diff_acf_Stimulus","glaze_no_osc",-0.00141963836368844,0.0400986779628084,0.00119615406643519,"< 0.05"
46,"diff_acf_Stimulus","glaze_no_osc",-8.8479592556421e-04,0.0404314345444734,0.00120608028242318,"> 0.05"
47,"diff_acf_Stimulus","glaze_no_osc",-9.15952978167554e-05,0.0401217966315901,0.00119684370238028,"> 0.05"
48,"diff_acf_Stimulus","glaze_no_osc",-2.33572941681544e-05,0.0397093652395506,0.00118454076593008,"> 0.05"
49,"diff_acf_Stimulus","glaze_no_osc",-9.07719169217767e-04,0.0396790782155544,0.00118363729607138,"> 0.05"
50,"diff_acf_Stimulus","glaze_no_osc",-7.62784399917406e-04,0.0396778484002158,0.00118360061035771,"> 0.05"
51,"diff_acf_Stimulus","glaze_no_osc",-4.78931856546387e-04,0.0399854880721866,0.0011927775823508,"> 0.05"
52,"diff_acf_Stimulus","glaze_no_osc",-0.00147351118003104,0.0401605761073736,0.00119800050430018,"< 0.05"
53,"diff_acf_Stimulus","glaze_no_osc",-1.23460502060657e-04,0.038899080499453,0.00116036975989998,"> 0.05"
54,"diff_acf_Stimulus","glaze_no_osc",-8.72455266057164e-04,0.0399435694257451,0.00119152713814795,"> 0.05"
55,"diff_acf_Stimulus","glaze_no_osc",-0.00106567764920506,0.0400307470210502,0.0011941276686498,"> 0.05"
56,"diff_acf_Stimulus","glaze_no_osc",-6.92132250971709e-04,0.0395484812532449,0.00117974155447921,"> 0.05"
57,"diff_acf_Stimulus","glaze_no_osc",-6.16284019809836e-04,0.0398715555497191,0.00118937894536393,"> 0.05"
58,"diff_acf_Stimulus","glaze_no_osc",-0.00138219373655183,0.0396059207954188,0.00118145499106705,"< 0.05"
59,"diff_acf_Stimulus","glaze_no_osc",-0.00103371372051632,0.0398139743886492,0.00118766128424733,"> 0.05"
60,"diff_acf_Stimulus","glaze_no_osc",-6.57394839892418e-04,0.0387349406435252,0.00115547342500549,"> 0.05"
61,"diff_acf_Stimulus","glaze_no_osc",-1.29943213949091e-04,0.0404377800399988,0.00120626957021674,"> 0.05"
62,"diff_acf_Stimulus","glaze_no_osc",-5.86495586336801e-04,0.0397487310253062,0.00118571505763001,"> 0.05"
63,"diff_acf_Stimulus","glaze_no_osc",-1.38185668221328e-04,0.0395984464484627,0.00118123202933964,"> 0.05"
64,"diff_acf_Stimulus","glaze_no_osc",-4.41127530806824e-04,0.0394060906159867,0.00117549400447428,"> 0.05"
65,"diff_acf_Stimulus","glaze_no_osc",-8.37157326902129e-04,0.0397509643618876,0.0011857816786452,"> 0.05"
66,"diff_acf_Stimulus","glaze_no_osc",-5.31201129122724e-04,0.0392798026173947,0.00117172680039842,"> 0.05"
67,"diff_acf_Stimulus","glaze_no_osc",-0.0010488488467168,0.0393179145590705,0.00117286368960104,"> 0.05"
68,"diff_acf_Stimulus","glaze_no_osc",-0.00208770956551474,0.0392656977566696,0.00117130604870859,"< 0.05"
69,"diff_acf_Stimulus","glaze_no_osc",-3.99764039268295e-04,0.039477988947653,0.00117763875053978,"> 0.05"
70,"diff_acf_Stimulus","glaze_no_osc",3.63041057561354e-05,0.038936709817785,0.00116149225232184,"> 0.05"
71,"diff_acf_Stimulus","glaze_no_osc",-9.14862584713442e-04,0.0391651076500467,0.00116830541948107,"> 0.05"
72,"diff_acf_Stimulus","glaze_no_osc",-6.15486353843275e-04,0.0396374418222317,0.00118239527155299,"> 0.05"
73,"diff_acf_Stimulus","glaze_no_osc",-6.4530971013749e-04,0.0401788728436472,0.00119854630073557,"> 0.05"
74,"diff_acf_Stimulus","glaze_no_osc",-0.00102105293189522,0.0394873149484896,0.00117791694758744,"> 0.05"
75,"diff_acf_Stimulus","glaze_no_osc",2.71694074343955e-04,0.0396207561060977,0.00118189753227032,"> 0.05"
76,"diff_acf_Stimulus","glaze_no_osc",-2.82326884195786e-04,0.0387717578818558,0.00115657169286821,"> 0.05"
77,"diff_acf_Stimulus","glaze_no_osc",-4.61545240089854e-04,0.0394587622715195,0.00117706521375479,"> 0.05"
78,"diff_acf_Stimulus","glaze_no_osc",-5.99983984095426e-05,0.0393108011571818,0.00117265149495953,"> 0.05"
79,"diff_acf_Stimulus","glaze_no_osc",-2.47803129180989e-04,0.0390522180708357,0.00116493789376472,"> 0.05"
80,"diff_acf_Stimulus","glaze_no_osc",-0.00165415629210394,0.0396525533758262,0.00118284605315479,"< 0.05"
81,"diff_acf_Stimulus","glaze_no_osc",-0.00165765043090676,0.0382929450855658,0.00114228858174233,"< 0.05"
82,"diff_acf_Stimulus","glaze_no_osc",8.52507249714918e-04,0.0394568672162421,0.0011770086837595,"> 0.05"
83,"diff_acf_Stimulus","glaze_no_osc",-9.7539142467895e-04,0.0394301492214847,0.00117621167897781,"> 0.05"
84,"diff_acf_Stimulus","glaze_no_osc",8.91652142344084e-04,0.0391042334039659,0.00116648952477606,"> 0.05"
85,"diff_acf_Stimulus","glaze_no_osc",-0.00121009278317149,0.0391121757554875,0.00116672644720224,"< 0.05"
86,"diff_acf_Stimulus","glaze_no_osc",-3.46361820940133e-04,0.0395166749617995,0.00117879276447456,"> 0.05"
87,"diff_acf_Stimulus","glaze_no_osc",-2.74946425084231e-04,0.0390741006760222,0.00116559065760901,"> 0.05"
88,"diff_acf_Stimulus","glaze_no_osc",-0.00138462462028989,0.039096281974228,0.00116625233154431,"< 0.05"
89,"diff_acf_Stimulus","glaze_no_osc",-0.00156629679289073,0.0390000114949923,0.00116338055793316,"< 0.05"
90,"diff_acf_Stimulus","glaze_no_osc",5.84861484358019e-04,0.0386416875363305,0.00115269166039265,"> 0.05"
91,"diff_acf_Stimulus","glaze_no_osc",-5.77588899341244e-04,0.0385985370884807,0.00115140447123115,"> 0.05"
92,"diff_acf_Stimulus","glaze_no_osc",-1.3179832149629e-04,0.0380149832231757,0.00113399690658236,"> 0.05"
93,"diff_acf_Stimulus","glaze_no_osc",2.98667488390354e-04,0.0386195299349463,0.00115203069333975,"> 0.05"
94,"diff_acf_Stimulus","glaze_no_osc",-8.83699717189269e-04,0.0385573362678505,0.00115017543996027,"> 0.05"
95,"diff_acf_Stimulus","glaze_no_osc",-6.31999314058183e-04,0.0384953647511888,0.00114832681338643,"> 0.05"
96,"diff_acf_Stimulus","glaze_no_osc",-8.61844004181493e-04,0.0379389236490935,0.00113172802956567,"> 0.05"
97,"diff_acf_Stimulus","glaze_no_osc",-1.05430723914639e-04,0.03839516121584,0.00114533771568127,"> 0.05"
98,"diff_acf_Stimulus","glaze_no_osc",-0.00119471821494618,0.0388829562809989,0.00115988877024017,"< 0.05"
99,"diff_acf_Stimulus","glaze_no_osc",-1.34237952875218e-04,0.0386421793559182,0.00115270633149977,"> 0.05"
2,"diff_acf_History","glaze_no_osc",0.00796648973544984,0.0422285815542593,0.00125968964844096,"< 0.05"
3,"diff_acf_History","glaze_no_osc",0.00219725856713013,0.0419527880342121,0.00125146265550102,"< 0.05"
4,"diff_acf_History","glaze_no_osc",0.00169231952140115,0.042452217609662,0.00126636077054926,"< 0.05"
5,"diff_acf_History","glaze_no_osc",0.00105450162768753,0.0427655729203712,0.00127570824154298,"> 0.05"
6,"diff_acf_History","glaze_no_osc",2.17131107468794e-04,0.0422226918388935,0.00125951395668894,"> 0.05"
7,"diff_acf_History","glaze_no_osc",3.73604644154829e-04,0.0422506954959219,0.00126034931311292,"> 0.05"
8,"diff_acf_History","glaze_no_osc",0.00114758562749763,0.042005386694067,0.00125303168730134,"> 0.05"
9,"diff_acf_History","glaze_no_osc",8.18792771961829e-04,0.041909875896705,0.00125018257519946,"> 0.05"
10,"diff_acf_History","glaze_no_osc",0.0020444448151494,0.0429311487426744,0.00128064741169056,"< 0.05"
11,"diff_acf_History","glaze_no_osc",0.00130265662016786,0.042842200487041,0.00127799406192734,"< 0.05"
12,"diff_acf_History","glaze_no_osc",8.39623356462098e-04,0.0424568067256068,0.00126649766507989,"> 0.05"
13,"diff_acf_History","glaze_no_osc",5.49266408873467e-04,0.041939977533196,0.00125108051490033,"> 0.05"
14,"diff_acf_History","glaze_no_osc",0.00186467291974187,0.0424599620783683,0.00126659179007923,"< 0.05"
15,"diff_acf_History","glaze_no_osc",0.00106405802511617,0.0428808401335425,0.00127914669270313,"> 0.05"
16,"diff_acf_History","glaze_no_osc",0.00151772602940389,0.0420019871200705,0.00125293027711859,"< 0.05"
17,"diff_acf_History","glaze_no_osc",2.85919584338846e-04,0.0418745684222206,0.00124912934398772,"> 0.05"
18,"diff_acf_History","glaze_no_osc",-0.00112145589692513,0.0413432869224953,0.00123328107769556,"> 0.05"
19,"diff_acf_History","glaze_no_osc",0.00108482245444565,0.0424068847632508,0.00126500847986706,"> 0.05"
20,"diff_acf_History","glaze_no_osc",9.05085527656842e-04,0.0412812055110972,0.00123142917293294,"> 0.05"
21,"diff_acf_History","glaze_no_osc",0.00121022907192196,0.0414098044230707,0.00123526531216025,"> 0.05"
22,"diff_acf_History","glaze_no_osc",0.00167204266727658,0.0416172265154172,0.00124145276750376,"< 0.05"
23,"diff_acf_History","glaze_no_osc",2.86934155947671e-04,0.0416669775946837,0.00124293685522928,"> 0.05"
24,"diff_acf_History","glaze_no_osc",6.60212747719471e-05,0.0419693681092076,0.00125195724348085,"> 0.05"
25,"diff_acf_History","glaze_no_osc",9.30786002804622e-04,0.0422050782410087,0.00125898853845061,"> 0.05"
26,"diff_acf_History","glaze_no_osc",0.00150669348524018,0.0414623217216512,0.00123683191693245,"< 0.05"
27,"diff_acf_History","glaze_no_osc",7.28324528334639e-04,0.0420635394630559,0.00125476639963188,"> 0.05"
28,"diff_acf_History","glaze_no_osc",-7.63989649640283e-04,0.0410791033537923,0.00122540041264514,"> 0.05"
29,"diff_acf_History","glaze_no_osc",-4.63688163602585e-04,0.0410654251916509,0.00122499238948583,"> 0.05"
30,"diff_acf_History","glaze_no_osc",0.00149993167417012,0.0411259451646461,0.0012267977161319,"< 0.05"
31,"diff_acf_History","glaze_no_osc",-9.34880094142442e-05,0.0416949695468846,0.0012437718624952,"> 0.05"
32,"diff_acf_History","glaze_no_osc",-5.89844813116399e-04,0.0414581175843372,0.00123670650641521,"> 0.05"
33,"diff_acf_History","glaze_no_osc",8.56168201024487e-05,0.0416610789876381,0.00124276089823613,"> 0.05"
34,"diff_acf_History","glaze_no_osc",-2.46692715968594e-04,0.0416679036506184,0.00124296447972037,"> 0.05"
35,"diff_acf_History","glaze_no_osc",5.59281323412147e-04,0.0404816165062922,0.00120757722348809,"> 0.05"
36,"diff_acf_History","glaze_no_osc",-4.26313963142296e-04,0.0416620097839581,0.00124278866413415,"> 0.05"
37,"diff_acf_History","glaze_no_osc",-1.92808005489826e-04,0.041009918369869,0.00122333660645351,"> 0.05"
38,"diff_acf_History","glaze_no_osc",0.00111025082951172,0.0409592862856375,0.00122182623811912,"> 0.05"
39,"diff_acf_History","glaze_no_osc",6.5483144418571e-05,0.0405296152045995,0.00120900903723061,"> 0.05"
40,"diff_acf_History","glaze_no_osc",-2.62977376206982e-04,0.041372275994539,0.00123414582930756,"> 0.05"
41,"diff_acf_History","glaze_no_osc",-2.55464926207673e-04,0.0412148966447488,0.00122945116208189,"> 0.05"
42,"diff_acf_History","glaze_no_osc",6.53176310392236e-04,0.0407905314814721,0.00121679223810994,"> 0.05"
43,"diff_acf_History","glaze_no_osc",8.83249288595775e-04,0.0402255838847316,0.00119993970332586,"> 0.05"
44,"diff_acf_History","glaze_no_osc",-3.54305371650138e-04,0.0414598441684382,0.00123675801087117,"> 0.05"
45,"diff_acf_History","glaze_no_osc",-5.3958283971916e-04,0.0408433277407334,0.00121836716435231,"> 0.05"
46,"diff_acf_History","glaze_no_osc",-9.01985261296393e-06,0.0411897294859875,0.00122870041914416,"> 0.05"
47,"diff_acf_History","glaze_no_osc",-3.74701190368452e-04,0.0406385639054828,0.00121225900551423,"> 0.05"
48,"diff_acf_History","glaze_no_osc",-2.29414381595422e-04,0.0406981713876853,0.00121403711232096,"> 0.05"
49,"diff_acf_History","glaze_no_osc",4.61842751585658e-05,0.0409621576284682,0.00122191189102784,"> 0.05"
50,"diff_acf_History","glaze_no_osc",9.93462300032944e-04,0.0409445503967215,0.00122138666269308,"> 0.05"
51,"diff_acf_History","glaze_no_osc",4.30572928267787e-04,0.0398494414350607,0.00118871927553146,"> 0.05"
52,"diff_acf_History","glaze_no_osc",7.18657872654215e-04,0.0406623426013776,0.00121296833024099,"> 0.05"
53,"diff_acf_History","glaze_no_osc",1.22106588663447e-04,0.0405599503791929,0.00120991394343424,"> 0.05"
54,"diff_acf_History","glaze_no_osc",-5.14018078329689e-04,0.0408416370025063,0.00121831672918815,"> 0.05"
55,"diff_acf_History","glaze_no_osc",-8.45708379493812e-04,0.0403932568697885,0.00120494143238768,"> 0.05"
56,"diff_acf_History","glaze_no_osc",-1.27380564195494e-04,0.0402769134974252,0.00120147087911696,"> 0.05"
57,"diff_acf_History","glaze_no_osc",7.04168934604823e-04,0.040924507943496,0.00122078879106376,"> 0.05"
58,"diff_acf_History","glaze_no_osc",-7.72538326428955e-05,0.0402863822559719,0.00120175333466451,"> 0.05"
59,"diff_acf_History","glaze_no_osc",-9.16975620807023e-04,0.0402639346173221,0.00120108371572401,"> 0.05"
60,"diff_acf_History","glaze_no_osc",5.9098666900311e-04,0.0404239654916406,0.00120585747862085,"> 0.05"
61,"diff_acf_History","glaze_no_osc",-0.00103126652754852,0.0401293009287176,0.00119706755752915,"> 0.05"
62,"diff_acf_History","glaze_no_osc",4.30801576490243e-05,0.0403364679261233,0.00120324740332376,"> 0.05"
63,"diff_acf_History","glaze_no_osc",-0.00124687686981054,0.0400505072480759,0.00119471712139765,"< 0.05"
64,"diff_acf_History","glaze_no_osc",-2.31540137680279e-04,0.040771761366217,0.00121623232065554,"> 0.05"
65,"diff_acf_History","glaze_no_osc",-2.92155454952005e-04,0.0398786033794443,0.00118958918397063,"> 0.05"
66,"diff_acf_History","glaze_no_osc",3.10978783781975e-04,0.0405750432867621,0.00121036416882022,"> 0.05"
67,"diff_acf_History","glaze_no_osc",5.42150043505945e-04,0.0403876723839152,0.00120477484571137,"> 0.05"
68,"diff_acf_History","glaze_no_osc",-8.86925679671622e-05,0.0396289180343906,0.0011821410047291,"> 0.05"
69,"diff_acf_History","glaze_no_osc",3.44847239645578e-04,0.0399741028106246,0.00119243795701633,"> 0.05"
70,"diff_acf_History","glaze_no_osc",-2.10214189550104e-04,0.0402923939072699,0.00120193266379732,"> 0.05"
71,"diff_acf_History","glaze_no_osc",1.45453827117641e-04,0.0393508173312005,0.00117384518791171,"> 0.05"
72,"diff_acf_History","glaze_no_osc",-3.82403382242564e-05,0.0402949641412752,0.00120200933455091,"> 0.05"
73,"diff_acf_History","glaze_no_osc",3.07057303893475e-04,0.0398024179305023,0.0011873165520739,"> 0.05"
74,"diff_acf_History","glaze_no_osc",1.41499589214361e-04,0.0391312186969169,0.00116729450313288,"> 0.05"
75,"diff_acf_History","glaze_no_osc",-7.03432644775922e-04,0.0394128491503967,0.00117569561332595,"> 0.05"
76,"diff_acf_History","glaze_no_osc",-2.45342088830232e-04,0.03928526292875,0.00117188968291634,"> 0.05"
77,"diff_acf_History","glaze_no_osc",5.76195517818954e-04,0.039177525304024,0.0011686758413517,"> 0.05"
78,"diff_acf_History","glaze_no_osc",-3.99201631942227e-04,0.0398112769603566,0.00118758081925484,"> 0.05"
79,"diff_acf_History","glaze_no_osc",-1.37402629816999e-04,0.0393813904998586,0.00117475719354062,"> 0.05"
80,"diff_acf_History","glaze_no_osc",-5.17117596367482e-04,0.0395557751993621,0.00117995913480234,"> 0.05"
81,"diff_acf_History","glaze_no_osc",1.33144346591269e-05,0.0391441257361114,0.00116767952349272,"> 0.05"
82,"diff_acf_History","glaze_no_osc",-9.37410689331491e-05,0.0402310451362131,0.00120010261388799,"> 0.05"
83,"diff_acf_History","glaze_no_osc",1.35072380627384e-04,0.0391342738251177,0.00116738563840732,"> 0.05"
84,"diff_acf_History","glaze_no_osc",-0.00101515657271568,0.0394047897327913,0.00117545519878783,"> 0.05"
85,"diff_acf_History","glaze_no_osc",9.08221009814895e-04,0.0389097969430054,0.00116068943421804,"> 0.05"
86,"diff_acf_History","glaze_no_osc",-5.59783863491591e-05,0.0391812736940703,0.00116878765680857,"> 0.05"
87,"diff_acf_History","glaze_no_osc",-1.67860094756824e-04,0.0395287494373305,0.00117915294924225,"> 0.05"
88,"diff_acf_History","glaze_no_osc",1.41061578415261e-04,0.0391625155398956,0.00116822809615633,"> 0.05"
89,"diff_acf_History","glaze_no_osc",0.0010683338265725,0.0390809696237153,0.00116579556011784,"> 0.05"
90,"diff_acf_History","glaze_no_osc",-4.80632169298643e-04,0.0394047652272984,0.00117545446778255,"> 0.05"
91,"diff_acf_History","glaze_no_osc",2.41177404130223e-04,0.0389149106428132,0.00116084197722271,"> 0.05"
92,"diff_acf_History","glaze_no_osc",-3.12115159878789e-04,0.0391073491889257,0.00116658246945751,"> 0.05"
93,"diff_acf_History","glaze_no_osc",-2.96696709705889e-04,0.0391809616111482,0.00116877834729326,"> 0.05"
94,"diff_acf_History","glaze_no_osc",3.17290048348368e-05,0.0389584165767393,0.00116213977062697,"> 0.05"
95,"diff_acf_History","glaze_no_osc",-9.92294403568967e-04,0.0395435849148353,0.00117959549542198,"> 0.05"
96,"diff_acf_History","glaze_no_osc",-0.00121563293358449,0.0385427633411166,0.0011497407257388,"< 0.05"
97,"diff_acf_History","glaze_no_osc",-0.00146992646289252,0.039273928592513,0.00117155157669765,"< 0.05"
98,"diff_acf_History","glaze_no_osc",-1.25017459304748e-04,0.039533317575021,0.00117928921798606,"> 0.05"
99,"diff_acf_History","glaze_no_osc",-2.40352311452016e-04,0.0390014845414623,0.00116342449929519,"> 0.05"
2,"diff_acf_Stimulus","glaze_only_p_osc",-0.00173654927700781,0.0417053342212599,0.00124408104344657,"< 0.05"
3,"diff_acf_Stimulus","glaze_only_p_osc",-7.338703088565e-04,0.0417784517885725,0.00124626215963075,"> 0.05"
4,"diff_acf_Stimulus","glaze_only_p_osc",-1.30489157052304e-04,0.0417978012401181,0.00124683935883844,"> 0.05"
5,"diff_acf_Stimulus","glaze_only_p_osc",-6.14785320240716e-04,0.0416145338236231,0.00124137244380226,"> 0.05"
6,"diff_acf_Stimulus","glaze_only_p_osc",-2.24455752643353e-04,0.0417775381311007,0.00124623490498906,"> 0.05"
7,"diff_acf_Stimulus","glaze_only_p_osc",1.24498303862026e-05,0.0412004752420912,0.0012290209678633,"> 0.05"
8,"diff_acf_Stimulus","glaze_only_p_osc",2.38055242946662e-04,0.0411623623138404,0.00122788404923089,"> 0.05"
9,"diff_acf_Stimulus","glaze_only_p_osc",-6.72146832485569e-04,0.0415809267210029,0.0012403699351286,"> 0.05"
10,"diff_acf_Stimulus","glaze_only_p_osc",-5.89983009398983e-05,0.0419760117210303,0.00125215542416164,"> 0.05"
11,"diff_acf_Stimulus","glaze_only_p_osc",-3.90517907297038e-05,0.0418858203271123,0.00124946499125778,"> 0.05"
12,"diff_acf_Stimulus","glaze_only_p_osc",-6.29211529399364e-04,0.0418414438001514,0.00124814122783526,"> 0.05"
13,"diff_acf_Stimulus","glaze_only_p_osc",-2.30848489361859e-04,0.0415672053047806,0.00123996062168872,"> 0.05"
14,"diff_acf_Stimulus","glaze_only_p_osc",-2.40659848264584e-04,0.041150642843889,0.00122753445437263,"> 0.05"
15,"diff_acf_Stimulus","glaze_only_p_osc",-0.00105470431347532,0.0414950231838788,0.00123780741011599,"> 0.05"
16,"diff_acf_Stimulus","glaze_only_p_osc",-5.01462015576083e-05,0.0415897900506955,0.00124063433057485,"> 0.05"
17,"diff_acf_Stimulus","glaze_only_p_osc",-1.86554281106109e-04,0.0420076064698395,0.00125309790379404,"> 0.05"
18,"diff_acf_Stimulus","glaze_only_p_osc",-0.00189584019601527,0.0406316635960278,0.00121205316747583,"< 0.05"
19,"diff_acf_Stimulus","glaze_only_p_osc",-1.72102761472816e-04,0.0418501293256072,0.00124840031933456,"> 0.05"
20,"diff_acf_Stimulus","glaze_only_p_osc",-5.9717910808439e-04,0.0411141143232274,0.0012264447990336,"> 0.05"
21,"diff_acf_Stimulus","glaze_only_p_osc",-3.04077556615645e-04,0.0418051355793035,0.00124705814409738,"> 0.05"
22,"diff_acf_Stimulus","glaze_only_p_osc",-8.6978289589753e-04,0.0412098604439108,0.00122930093089179,"> 0.05"
23,"diff_acf_Stimulus","glaze_only_p_osc",-3.18317915766974e-04,0.0410555602517712,0.00122469811574535,"> 0.05"
24,"diff_acf_Stimulus","glaze_only_p_osc",-0.00131606490480001,0.0411228589791239,0.00122670565440943,"< 0.05"
25,"diff_acf_Stimulus","glaze_only_p_osc",-2.19134963795522e-04,0.0412753360194894,0.00123125408446092,"> 0.05"
26,"diff_acf_Stimulus","glaze_only_p_osc",-6.77224862378162e-05,0.0411073590982642,0.00122624328890359,"> 0.05"
27,"diff_acf_Stimulus","glaze_only_p_osc",2.32866968419582e-04,0.0410447697709334,0.00122437623287567,"> 0.05"
28,"diff_acf_Stimulus","glaze_only_p_osc",-8.67120640049718e-06,0.0422655783982052,0.00126079327398622,"> 0.05"
29,"diff_acf_Stimulus","glaze_only_p_osc",-0.0012313168844096,0.0408958489845383,0.00121993388681158,"> 0.05"
30,"diff_acf_Stimulus","glaze_only_p_osc",-7.13814624717025e-04,0.0410230446474423,0.0012237281667516,"> 0.05"
31,"diff_acf_Stimulus","glaze_only_p_osc",7.19215845107368e-05,0.0415355051932024,0.00123901499905732,"> 0.05"
32,"diff_acf_Stimulus","glaze_only_p_osc",-7.25749410620662e-04,0.0408579239144789,0.00121880257203823,"> 0.05"
33,"diff_acf_Stimulus","glaze_only_p_osc",-5.43399157107752e-04,0.0403843630837683,0.0012046761284212,"> 0.05"
34,"diff_acf_Stimulus","glaze_only_p_osc",5.51404719949077e-04,0.0413626612244194,0.00123385901819655,"> 0.05"
35,"diff_acf_Stimulus","glaze_only_p_osc",1.09073521122142e-04,0.0410836526059712,0.0012255361180292,"> 0.05"
36,"diff_acf_Stimulus","glaze_only_p_osc",-2.35425965381707e-04,0.0406084944282879,0.00121136202513359,"> 0.05"
37,"diff_acf_Stimulus","glaze_only_p_osc",-5.50165587748894e-04,0.0410546173063333,0.00122466998743596,"> 0.05"
38,"diff_acf_Stimulus","glaze_only_p_osc",-5.81183148345935e-04,0.0400134699157192,0.00119361228807249,"> 0.05"
39,"diff_acf_Stimulus","glaze_only_p_osc",1.49407492974954e-04,0.0406780569985184,0.00121343709482367,"> 0.05"
40,"diff_acf_Stimulus","glaze_only_p_osc",-2.70951677481945e-04,0.0411640983577196,0.00122793583587452,"> 0.05"
41,"diff_acf_Stimulus","glaze_only_p_osc",3.33259367684936e-04,0.0399181908925432,0.00119077008985529,"> 0.05"
42,"diff_acf_Stimulus","glaze_only_p_osc",-0.00138394724063489,0.040923473240236,0.0012207579255945,"< 0.05"
43,"diff_acf_Stimulus","glaze_only_p_osc",-7.15741736503108e-04,0.0401943418062737,0.00119900774394241,"> 0.05"
44,"diff_acf_Stimulus","glaze_only_p_osc",-5.44440783798603e-04,0.0403899393182677,0.00120484246895687,"> 0.05"
45,"diff_acf_Stimulus","glaze_only_p_osc",-1.20755957686668e-04,0.0406868700041092,0.00121369998908878,"> 0.05"
46,"diff_acf_Stimulus","glaze_only_p_osc",-0.00136202240130878,0.0400961634411579,0.00119607905759574,"< 0.05"
47,"diff_acf_Stimulus","glaze_only_p_osc",-0.00103000316004137,0.0404192332079175,0.00120571631335789,"> 0.05"
48,"diff_acf_Stimulus","glaze_only_p_osc",2.24278998084262e-04,0.0407057227804173,0.00121426237234405,"> 0.05"
49,"diff_acf_Stimulus","glaze_only_p_osc",-6.89972168956947e-04,0.040279186029305,0.00120153866933817,"> 0.05"
50,"diff_acf_Stimulus","glaze_only_p_osc",-3.66443193056639e-04,0.0401807171936526,0.00119860131817931,"> 0.05"
51,"diff_acf_Stimulus","glaze_only_p_osc",-7.37922086428505e-04,0.0399599197654207,0.00119201487306302,"> 0.05"
52,"diff_acf_Stimulus","glaze_only_p_osc",-8.04498167661983e-05,0.0388862421435775,0.00115998678838154,"> 0.05"
53,"diff_acf_Stimulus","glaze_only_p_osc",-0.0014854266847419,0.0402047249719905,0.00119931747649534,"< 0.05"
54,"diff_acf_Stimulus","glaze_only_p_osc",-2.34003492627673e-04,0.0405638236517611,0.00121002948416945,"> 0.05"
55,"diff_acf_Stimulus","glaze_only_p_osc",-6.84463851125233e-04,0.0406120473497495,0.00121146800971139,"> 0.05"
56,"diff_acf_Stimulus","glaze_only_p_osc",-0.00116714439197691,0.0402205315666377,0.0011997889913538,"> 0.05"
57,"diff_acf_Stimulus","glaze_only_p_osc",-0.00160039543752906,0.0404015846361674,0.00120518985184,"< 0.05"
58,"diff_acf_Stimulus","glaze_only_p_osc",-6.73518126402273e-04,0.0393540639675972,0.00117394203592579,"> 0.05"
59,"diff_acf_Stimulus","glaze_only_p_osc",-0.00102899267779358,0.0402771620950381,0.00120147829484887,"> 0.05"
60,"diff_acf_Stimulus","glaze_only_p_osc",-0.00110914463393411,0.0398956354159993,0.00119009725408216,"> 0.05"
61,"diff_acf_Stimulus","glaze_only_p_osc",-7.00437997187626e-04,0.0398094160907727,0.00118752530902775,"> 0.05"
62,"diff_acf_Stimulus","glaze_only_p_osc",-0.00125744988108739,0.0403361822494763,0.00120323888151456,"< 0.05"
63,"diff_acf_Stimulus","glaze_only_p_osc",3.78623451689814e-04,0.0401001399590741,0.00119619767816673,"> 0.05"
64,"diff_acf_Stimulus","glaze_only_p_osc",-2.84898513549136e-04,0.0397914675122689,0.00118698989822982,"> 0.05"
65,"diff_acf_Stimulus","glaze_only_p_osc",-1.16537167164396e-04,0.0401909321591945,0.00119890603327697,"> 0.05"
66,"diff_acf_Stimulus","glaze_only_p_osc",-5.35160468392505e-05,0.0400385035013732,0.00119435904648944,"> 0.05"
67,"diff_acf_Stimulus","glaze_only_p_osc",-0.00179749826165717,0.0398059139285798,0.00118742083861223,"< 0.05"
68,"diff_acf_Stimulus","glaze_only_p_osc",-2.64542723755744e-04,0.0402390719379406,0.00120034205548593,"> 0.05"
69,"diff_acf_Stimulus","glaze_only_p_osc",-2.11421301193305e-04,0.0398925434092625,0.00119000501871134,"> 0.05"
70,"diff_acf_Stimulus","glaze_only_p_osc",-3.98336111538506e-04,0.0401904884523262,0.00119889279738487,"> 0.05"
71,"diff_acf_Stimulus","glaze_only_p_osc",-3.16823582543233e-04,0.0398912557873716,0.00118996660861307,"> 0.05"
72,"diff_acf_Stimulus","glaze_only_p_osc",-9.28004591357335e-04,0.0389356494054043,0.00116146061994278,"> 0.05"
73,"diff_acf_Stimulus","glaze_only_p_osc",3.42667398546552e-05,0.0387851235743887,0.00115697039497726,"> 0.05"
74,"diff_acf_Stimulus","glaze_only_p_osc",2.5964069732076e-04,0.0395580637890953,0.00118002740403352,"> 0.05"
75,"diff_acf_Stimulus","glaze_only_p_osc",-6.0887213206063e-04,0.0391281076401048,0.00116720169949332,"> 0.05"
76,"diff_acf_Stimulus","glaze_only_p_osc",-5.32881393398198e-04,0.0393082741276874,0.00117257611300783,"> 0.05"
77,"diff_acf_Stimulus","glaze_only_p_osc",-0.00130577946795751,0.0393960113961583,0.0011751933387068,"< 0.05"
78,"diff_acf_Stimulus","glaze_only_p_osc",3.57587693729042e-05,0.0391900708868127,0.00116905007937227,"> 0.05"
79,"diff_acf_Stimulus","glaze_only_p_osc",4.61307764832369e-04,0.0386411425783629,0.00115267540415374,"> 0.05"
80,"diff_acf_Stimulus","glaze_only_p_osc",3.38677465224065e-04,0.0390521458696853,0.00116493573998549,"> 0.05"
81,"diff_acf_Stimulus","glaze_only_p_osc",-3.85125726576089e-04,0.038922808689745,0.00116107757803137,"> 0.05"
82,"diff_acf_Stimulus","glaze_only_p_osc",-0.00142674833377737,0.0395528314063447,0.00117987132068558,"< 0.05"
83,"diff_acf_Stimulus","glaze_only_p_osc",-0.00178085938805164,0.0395508012121561,0.00117981075946118,"< 0.05"
84,"diff_acf_Stimulus","glaze_only_p_osc",-6.94468366418395e-04,0.0395279629242232,0.00117912948735025,"> 0.05"
85,"diff_acf_Stimulus","glaze_only_p_osc",-0.00135241343349848,0.038661185325952,0.00115327328456399,"< 0.05"
86,"diff_acf_Stimulus","glaze_only_p_osc",-0.00156073737062277,0.0393331437781674,0.0011733179811956,"< 0.05"
87,"diff_acf_Stimulus","glaze_only_p_osc",1.24102165644753e-04,0.038642856910417,0.00115272654312794,"> 0.05"
88,"diff_acf_Stimulus","glaze_only_p_osc",-5.20227663208224e-04,0.0383375372262875,0.00114361877697981,"> 0.05"
89,"diff_acf_Stimulus","glaze_only_p_osc",-4.2128412031285e-04,0.0385008149708711,0.00114848939486709,"> 0.05"
90,"diff_acf_Stimulus","glaze_only_p_osc",1.57799871697076e-04,0.0389817074726725,0.0011628345441531,"> 0.05"
91,"diff_acf_Stimulus","glaze_only_p_osc",-0.00151440119386055,0.0396943126908589,0.00118409174445998,"< 0.05"
92,"diff_acf_Stimulus","glaze_only_p_osc",-0.00109674642633022,0.038749244828302,0.00115590012258399,"> 0.05"
93,"diff_acf_Stimulus","glaze_only_p_osc",-2.37846774838273e-04,0.0385113160810177,0.00114880264573326,"> 0.05"
94,"diff_acf_Stimulus","glaze_only_p_osc",6.0854975579043e-04,0.0387037083256742,0.0011545417567835,"> 0.05"
95,"diff_acf_Stimulus","glaze_only_p_osc",-6.86826859678088e-04,0.0381555375576828,0.00113818967919526,"> 0.05"
96,"diff_acf_Stimulus","glaze_only_p_osc",-9.06370776513163e-04,0.0391725554367068,0.0011685275889079,"> 0.05"
97,"diff_acf_Stimulus","glaze_only_p_osc",-9.69748609993206e-04,0.0388006424933294,0.00115743332839404,"> 0.05"
98,"diff_acf_Stimulus","glaze_only_p_osc",1.33919174771236e-04,0.0387379283748002,0.00115556254981198,"> 0.05"
99,"diff_acf_Stimulus","glaze_only_p_osc",-0.00141665153534751,0.0384756716186572,0.00114773936208491,"< 0.05"
2,"diff_acf_History","glaze_only_p_osc",0.0130665061608921,0.0458133144284919,0.00136662316900675,"< 0.05"
3,"diff_acf_History","glaze_only_p_osc",0.00884707855653809,0.0496931512161761,0.0014823597166056,"< 0.05"
4,"diff_acf_History","glaze_only_p_osc",0.0102166182190737,0.0533053270019945,0.00159011186641195,"< 0.05"
5,"diff_acf_History","glaze_only_p_osc",0.0102700920123741,0.0539374939173091,0.00160896957107545,"< 0.05"
6,"diff_acf_History","glaze_only_p_osc",0.00938634403733838,0.0540365401719404,0.00161192414679369,"< 0.05"
7,"diff_acf_History","glaze_only_p_osc",0.00983332182389063,0.0554893811466919,0.00165526277360439,"< 0.05"
8,"diff_acf_History","glaze_only_p_osc",0.00878869505300853,0.0549649313909488,0.00163961830002462,"< 0.05"
9,"diff_acf_History","glaze_only_p_osc",0.00958514762363124,0.054141338924045,0.00161505032101828,"< 0.05"
10,"diff_acf_History","glaze_only_p_osc",0.0103420425087002,0.0543425495724285,0.00162105248736145,"< 0.05"
11,"diff_acf_History","glaze_only_p_osc",0.0093471545793883,0.0541458107278235,0.00161518371609626,"< 0.05"
12,"diff_acf_History","glaze_only_p_osc",0.00976438160433178,0.0535787703454185,0.00159826875296766,"< 0.05"
13,"diff_acf_History","glaze_only_p_osc",0.00811735121271097,0.0530533030444195,0.00158259392574638,"< 0.05"
14,"diff_acf_History","glaze_only_p_osc",0.0092510567477722,0.0533943451747312,0.00159276730182068,"< 0.05"
15,"diff_acf_History","glaze_only_p_osc",0.00807734635608084,0.0518345550495277,0.00154623835383945,"< 0.05"
16,"diff_acf_History","glaze_only_p_osc",0.00746305569071388,0.0519648052714591,0.00155012375207532,"< 0.05"
17,"diff_acf_History","glaze_only_p_osc",0.00697618540304904,0.0503352749245704,0.00150151443501459,"< 0.05"
18,"diff_acf_History","glaze_only_p_osc",0.00670264526254281,0.0499120809104504,0.00148889044672873,"< 0.05"
19,"diff_acf_History","glaze_only_p_osc",0.00696789692799674,0.0494761780318699,0.00147588734968727,"< 0.05"
20,"diff_acf_History","glaze_only_p_osc",0.00572496633807315,0.0498285169226521,0.0014863977110853,"< 0.05"
21,"diff_acf_History","glaze_only_p_osc",0.00519134635610021,0.047804423940551,0.00142601848727077,"< 0.05"
22,"diff_acf_History","glaze_only_p_osc",0.00403762562749309,0.048952997181033,0.0014602807278732,"< 0.05"
23,"diff_acf_History","glaze_only_p_osc",0.00532281004538577,0.0479164168789187,0.00142935926595591,"< 0.05"
24,"diff_acf_History","glaze_only_p_osc",0.004080606607498,0.0466161892048713,0.00139057313387829,"< 0.05"
25,"diff_acf_History","glaze_only_p_osc",0.00392701759853939,0.046413757742008,0.00138453455031943,"< 0.05"
26,"diff_acf_History","glaze_only_p_osc",0.00400588544008342,0.0446965934582738,0.00133331108996917,"< 0.05"
27,"diff_acf_History","glaze_only_p_osc",0.0015999468317266,0.045483066132238,0.00135677177582956,"< 0.05"
28,"diff_acf_History","glaze_only_p_osc",0.00342458051135643,0.0442028083526476,0.00131858135093419,"< 0.05"
29,"diff_acf_History","glaze_only_p_osc",0.001876062249778,0.0439468123509001,0.00131094492315057,"< 0.05"
30,"diff_acf_History","glaze_only_p_osc",0.00165324980184996,0.044368390028206,0.0013235206956859,"< 0.05"
31,"diff_acf_History","glaze_only_p_osc",0.00307485659018698,0.0434732902914324,0.00129681963608988,"< 0.05"
32,"diff_acf_History","glaze_only_p_osc",6.79574894743009e-04,0.0433478102372196,0.00129307653320647,"> 0.05"
33,"diff_acf_History","glaze_only_p_osc",7.28370092599454e-04,0.0432743349467822,0.00129088474604779,"> 0.05"
34,"diff_acf_History","glaze_only_p_osc",3.09187273536751e-04,0.0436656177951334,0.00130255681590046,"> 0.05"
35,"diff_acf_History","glaze_only_p_osc",9.14224567235715e-05,0.043332846302649,0.00129263015511882,"> 0.05"
36,"diff_acf_History","glaze_only_p_osc",8.06670230340274e-04,0.0431588407447284,0.00128743952374982,"> 0.05"
37,"diff_acf_History","glaze_only_p_osc",-6.03657954208445e-04,0.043329284246459,0.00129252389804968,"> 0.05"
38,"diff_acf_History","glaze_only_p_osc",4.74715556486543e-06,0.0434713035637945,0.00129676037148406,"> 0.05"
39,"diff_acf_History","glaze_only_p_osc",-0.00216873894853081,0.0442162255551083,0.00131898158959788,"< 0.05"
40,"diff_acf_History","glaze_only_p_osc",-0.00308872198038329,0.0449438668243578,0.00134068731924627,"< 0.05"
41,"diff_acf_History","glaze_only_p_osc",-0.00231245748028945,0.0439589767988846,0.00131130779182011,"< 0.05"
42,"diff_acf_History","glaze_only_p_osc",-0.00199655280244842,0.0454977991247294,0.0013572112648545,"< 0.05"
43,"diff_acf_History","glaze_only_p_osc",-0.00468037964938439,0.045577260536334,0.00135958161957551,"< 0.05"
44,"diff_acf_History","glaze_only_p_osc",-0.00389399610826204,0.0460386041564522,0.00137334362060059,"< 0.05"
45,"diff_acf_History","glaze_only_p_osc",-0.00433392826602642,0.046650208494782,0.0013915879382068,"< 0.05"
46,"diff_acf_History","glaze_only_p_osc",-0.0051690118697526,0.0470536561737851,0.00140362288814407,"< 0.05"
47,"diff_acf_History","glaze_only_p_osc",-0.00432959674829797,0.0473793006369047,0.00141333694777302,"< 0.05"
48,"diff_acf_History","glaze_only_p_osc",-0.00447173123092627,0.0470333493755525,0.00140301713103396,"< 0.05"
49,"diff_acf_History","glaze_only_p_osc",-0.00581109965850339,0.0472095197275955,0.00140827233877864,"< 0.05"
50,"diff_acf_History","glaze_only_p_osc",-0.00592506134020754,0.0481283651485265,0.00143568173835264,"< 0.05"
51,"diff_acf_History","glaze_only_p_osc",-0.00541396471825047,0.047941489482693,0.00143010718829362,"< 0.05"
52,"diff_acf_History","glaze_only_p_osc",-0.0059582718689958,0.0481143120042658,0.00143526252937849,"< 0.05"
53,"diff_acf_History","glaze_only_p_osc",-0.00460150053621647,0.0462411101694638,0.0013793844280099,"< 0.05"
54,"diff_acf_History","glaze_only_p_osc",-0.00423002483028461,0.0462526920903606,0.00137972991974384,"< 0.05"
55,"diff_acf_History","glaze_only_p_osc",-0.00521674699436378,0.0464318064014807,0.00138507294655888,"< 0.05"
56,"diff_acf_History","glaze_only_p_osc",-0.0052361473144417,0.0466746568136293,0.00139231723796161,"< 0.05"
57,"diff_acf_History","glaze_only_p_osc",-0.00426908534881507,0.0464120926403703,0.00138448487990145,"< 0.05"
58,"diff_acf_History","glaze_only_p_osc",-0.00294597868494854,0.0461363316083004,0.00137625885608638,"< 0.05"
59,"diff_acf_History","glaze_only_p_osc",-0.00345800051465059,0.0451777986113581,0.00134766556572483,"< 0.05"
60,"diff_acf_History","glaze_only_p_osc",-0.00265383221319135,0.0457373599576542,0.00136435742724737,"< 0.05"
61,"diff_acf_History","glaze_only_p_osc",-0.00277111398036041,0.0457481466540085,0.00136467919722491,"< 0.05"
62,"diff_acf_History","glaze_only_p_osc",-0.00331363490765093,0.0466044286026802,0.00139022231203455,"< 0.05"
63,"diff_acf_History","glaze_only_p_osc",-0.00338346512386649,0.0467770740392007,0.00139537237062593,"< 0.05"
64,"diff_acf_History","glaze_only_p_osc",-0.00351942384282261,0.0468554319981113,0.00139770980906406,"< 0.05"
65,"diff_acf_History","glaze_only_p_osc",-0.00332272006233426,0.0470901793566579,0.00140471238425547,"< 0.05"
66,"diff_acf_History","glaze_only_p_osc",-0.00310483184942267,0.0458910353225781,0.00136894160363431,"< 0.05"
67,"diff_acf_History","glaze_only_p_osc",-0.0040345792145158,0.0455780570540829,0.00135960537990859,"< 0.05"
68,"diff_acf_History","glaze_only_p_osc",-0.00372347093290472,0.0456836347279323,0.00136275478957284,"< 0.05"
69,"diff_acf_History","glaze_only_p_osc",-0.00369905025433375,0.0455535115786426,0.00135887318194716,"< 0.05"
70,"diff_acf_History","glaze_only_p_osc",-0.00338334281416959,0.0464193185701105,0.00138470043127824,"< 0.05"
71,"diff_acf_History","glaze_only_p_osc",-0.00291455403701995,0.0458803671307743,0.00136862336867855,"< 0.05"
72,"diff_acf_History","glaze_only_p_osc",-0.00368161663395577,0.0457151042604258,0.00136369353396975,"< 0.05"
73,"diff_acf_History","glaze_only_p_osc",-0.00458331033543583,0.0459606682920945,0.00137101877335353,"< 0.05"
74,"diff_acf_History","glaze_only_p_osc",-0.00451591006157282,0.0455011253166892,0.00135731048603187,"< 0.05"
75,"diff_acf_History","glaze_only_p_osc",-0.00473978181450836,0.0459199799319968,0.00136980502891456,"< 0.05"
76,"diff_acf_History","glaze_only_p_osc",-0.00466548793673181,0.0464206455290488,0.00138474001481094,"< 0.05"
77,"diff_acf_History","glaze_only_p_osc",-0.00459533382251779,0.0458690501878691,0.00136828578130751,"< 0.05"
78,"diff_acf_History","glaze_only_p_osc",-0.005552638446028,0.0457946809761488,0.00136606732824281,"< 0.05"
79,"diff_acf_History","glaze_only_p_osc",-0.00456457157114335,0.0450761712693066,0.0013446339954928,"< 0.05"
80,"diff_acf_History","glaze_only_p_osc",-0.00507474310569075,0.0456247783072267,0.00136099908712729,"< 0.05"
81,"diff_acf_History","glaze_only_p_osc",-0.00561808622478756,0.0454194183264691,0.00135487314511259,"< 0.05"
82,"diff_acf_History","glaze_only_p_osc",-0.00531234960552849,0.0451088772978312,0.00134560962489018,"< 0.05"
83,"diff_acf_History","glaze_only_p_osc",-0.00633181583199079,0.0448450851897866,0.00133774063721374,"< 0.05"
84,"diff_acf_History","glaze_only_p_osc",-0.00542596926290926,0.0443494022507774,0.00132295428531185,"< 0.05"
85,"diff_acf_History","glaze_only_p_osc",-0.00415923008125782,0.0452023403413705,0.00134839765195917,"< 0.05"
86,"diff_acf_History","glaze_only_p_osc",-0.00513355579480884,0.0445645803590971,0.00132937310464333,"< 0.05"
87,"diff_acf_History","glaze_only_p_osc",-0.00463104178618407,0.0442574888850056,0.00132021248553657,"< 0.05"
88,"diff_acf_History","glaze_only_p_osc",-0.00385328719843714,0.0435232854764192,0.00129831100555297,"< 0.05"
89,"diff_acf_History","glaze_only_p_osc",-0.00439804258154787,0.0429195482649391,0.00128030136640128,"< 0.05"
90,"diff_acf_History","glaze_only_p_osc",-0.00372203069146712,0.0423448786432208,0.00126315882106567,"< 0.05"
91,"diff_acf_History","glaze_only_p_osc",-0.00378722675583826,0.0429836740591574,0.00128221425563889,"< 0.05"
92,"diff_acf_History","glaze_only_p_osc",-0.00227160736518481,0.0428252010122259,0.00127748696314103,"< 0.05"
93,"diff_acf_History","glaze_only_p_osc",-0.00231658040385287,0.0425863004555675,0.00127036049696213,"< 0.05"
94,"diff_acf_History","glaze_only_p_osc",-0.00377862878339723,0.0418230096215498,0.00124759133145922,"< 0.05"
95,"diff_acf_History","glaze_only_p_osc",-0.00236074148618153,0.0419905597548772,0.00125258939582178,"< 0.05"
96,"diff_acf_History","glaze_only_p_osc",-0.00258190797243855,0.0422187235204241,0.0012593955807096,"< 0.05"
97,"diff_acf_History","glaze_only_p_osc",-0.00167221132326269,0.0415489641320844,0.00123941648272939,"< 0.05"
98,"diff_acf_History","glaze_only_p_osc",-0.0014226029929191,0.0413952581406391,0.0012348313927453,"< 0.05"
99,"diff_acf_History","glaze_only_p_osc",-7.51719641789993e-04,0.0418410159652432,0.00124812846540789,"> 0.05"
2,"diff_acf_Stimulus","glaze_only_l_osc",0.00678431826423222,0.0441766764503171,0.00131780182944309,"< 0.05"
3,"diff_acf_Stimulus","glaze_only_l_osc",0.00915391396779295,0.0448985590041984,0.00133933577510371,"< 0.05"
4,"diff_acf_Stimulus","glaze_only_l_osc",0.00675911325575769,0.0442418706081373,0.00131974658824678,"< 0.05"
5,"diff_acf_Stimulus","glaze_only_l_osc",0.00762795293895977,0.0445403525220474,0.00132865038191829,"< 0.05"
6,"diff_acf_Stimulus","glaze_only_l_osc",0.00666032076909268,0.0440497767169614,0.00131401637715901,"< 0.05"
7,"diff_acf_Stimulus","glaze_only_l_osc",0.00715835536999996,0.0438014579228326,0.00130660896248951,"< 0.05"
8,"diff_acf_Stimulus","glaze_only_l_osc",0.00540654189134819,0.0430717168741492,0.00128484059587062,"< 0.05"
9,"diff_acf_Stimulus","glaze_only_l_osc",0.0045730019689922,0.0431994970446212,0.00128865231182448,"< 0.05"
10,"diff_acf_Stimulus","glaze_only_l_osc",0.00348225517079673,0.0434075018290281,0.00129485714902478,"< 0.05"
11,"diff_acf_Stimulus","glaze_only_l_osc",0.00245825858136213,0.0427025682517984,0.00127382879577702,"< 0.05"
12,"diff_acf_Stimulus","glaze_only_l_osc",0.00181445783643753,0.0436067736421525,0.00130080147940434,"< 0.05"
13,"diff_acf_Stimulus","glaze_only_l_osc",0.00273196238309156,0.0436439308575621,0.00130190988887238,"< 0.05"
14,"diff_acf_Stimulus","glaze_only_l_osc",7.34437186343769e-04,0.0434238780174222,0.00129534565501389,"> 0.05"
15,"diff_acf_Stimulus","glaze_only_l_osc",0.00204078640852958,0.044116462344887,0.0013160056269066,"< 0.05"
16,"diff_acf_Stimulus","glaze_only_l_osc",1.00141270605057e-04,0.0443408347608386,0.00132269871484295,"> 0.05"
17,"diff_acf_Stimulus","glaze_only_l_osc",-4.91987044641949e-04,0.0432996728739863,0.0012916405830529,"> 0.05"
18,"diff_acf_Stimulus","glaze_only_l_osc",-0.00128658860933762,0.0431592470756692,0.00128745164470822,"> 0.05"
19,"diff_acf_Stimulus","glaze_only_l_osc",1.11488459590095e-04,0.0428389501766933,0.00127789710431833,"> 0.05"
20,"diff_acf_Stimulus","glaze_only_l_osc",-2.9928796588908e-05,0.043489256779297,0.00129729592060488,"> 0.05"
21,"diff_acf_Stimulus","glaze_only_l_osc",-2.27848065554324e-04,0.0433385513173196,0.00129280033720073,"> 0.05"
22,"diff_acf_Stimulus","glaze_only_l_osc",-0.00126905362766629,0.0429280660431894,0.00128055545395749,"> 0.05"
23,"diff_acf_Stimulus","glaze_only_l_osc",-5.02484469919836e-04,0.0439634401202164,0.00131144093386449,"> 0.05"
24,"diff_acf_Stimulus","glaze_only_l_osc",1.09245861793505e-04,0.0425549921178029,0.00126942656104621,"> 0.05"
25,"diff_acf_Stimulus","glaze_only_l_osc",0.00171562386487733,0.0430894012024836,0.00128536812401678,"< 0.05"
26,"diff_acf_Stimulus","glaze_only_l_osc",-8.02699944579115e-04,0.0425672813949047,0.00126979315340101,"> 0.05"
27,"diff_acf_Stimulus","glaze_only_l_osc",8.54215635628385e-04,0.0428345112372824,0.00127776468959304,"> 0.05"
28,"diff_acf_Stimulus","glaze_only_l_osc",8.02884433544813e-04,0.042633905658146,0.00127178057262399,"> 0.05"
29,"diff_acf_Stimulus","glaze_only_l_osc",0.00172702702116864,0.0429637047089444,0.00128161856469158,"< 0.05"
30,"diff_acf_Stimulus","glaze_only_l_osc",0.00148777187995662,0.042526627660403,0.00126858044185264,"< 0.05"
31,"diff_acf_Stimulus","glaze_only_l_osc",0.00322011200857807,0.0429804193144078,0.00128211716575051,"< 0.05"
32,"diff_acf_Stimulus","glaze_only_l_osc",0.00297112651582855,0.0422380167974452,0.00125997110421651,"< 0.05"
33,"diff_acf_Stimulus","glaze_only_l_osc",0.00183514023432022,0.0428528403611753,0.0012783114521596,"< 0.05"
34,"diff_acf_Stimulus","glaze_only_l_osc",0.00284605236274723,0.0431244628323025,0.00128641402161776,"< 0.05"
35,"diff_acf_Stimulus","glaze_only_l_osc",0.00385028328016039,0.0427134573842078,0.00127415362144892,"< 0.05"
36,"diff_acf_Stimulus","glaze_only_l_osc",0.00276649511012846,0.0426211972013149,0.00127140147602807,"< 0.05"
37,"diff_acf_Stimulus","glaze_only_l_osc",0.00156683029012514,0.0418648729981227,0.00124884012694742,"< 0.05"
38,"diff_acf_Stimulus","glaze_only_l_osc",0.00250837727599144,0.0420211491386103,0.00125350188515063,"< 0.05"
39,"diff_acf_Stimulus","glaze_only_l_osc",0.00229695273058396,0.0417414390145147,0.00124515805888607,"< 0.05"
40,"diff_acf_Stimulus","glaze_only_l_osc",0.00284720201143794,0.0413881772681728,0.00123462016846498,"< 0.05"
41,"diff_acf_Stimulus","glaze_only_l_osc",-8.04653794189971e-04,0.0432511338144595,0.00129019265019367,"> 0.05"
42,"diff_acf_Stimulus","glaze_only_l_osc",7.43048983786581e-04,0.0414338102505646,0.00123598141228209,"> 0.05"
43,"diff_acf_Stimulus","glaze_only_l_osc",-6.56311300075045e-04,0.0407734436650439,0.00121628250407018,"> 0.05"
44,"diff_acf_Stimulus","glaze_only_l_osc",6.0537743794296e-05,0.0410468827388865,0.00122443926326315,"> 0.05"
45,"diff_acf_Stimulus","glaze_only_l_osc",-0.00130697079687256,0.0414766701238194,0.00123725993352732,"< 0.05"
46,"diff_acf_Stimulus","glaze_only_l_osc",-0.00153881416427744,0.0418448295661934,0.00124824222612311,"< 0.05"
47,"diff_acf_Stimulus","glaze_only_l_osc",-0.0026762545055795,0.0425945674010106,0.00127060710211001,"< 0.05"
48,"diff_acf_Stimulus","glaze_only_l_osc",-0.00306452191300544,0.0418445641193981,0.00124823430777568,"< 0.05"
49,"diff_acf_Stimulus","glaze_only_l_osc",-0.00181296375883177,0.0418691294371891,0.00124896709763963,"< 0.05"
50,"diff_acf_Stimulus","glaze_only_l_osc",-0.00240871681020877,0.0426951707026944,0.00127360812494965,"< 0.05"
51,"diff_acf_Stimulus","glaze_only_l_osc",-0.00165137401070964,0.0417829922144994,0.00124639760172539,"< 0.05"
52,"diff_acf_Stimulus","glaze_only_l_osc",-0.00306093189288879,0.0417030576429379,0.00124401313251893,"< 0.05"
53,"diff_acf_Stimulus","glaze_only_l_osc",-0.00278598343924579,0.0411295191600295,0.00122690432935031,"< 0.05"
54,"diff_acf_Stimulus","glaze_only_l_osc",-0.00232141946043756,0.0416444099922838,0.0012422636577387,"< 0.05"
55,"diff_acf_Stimulus","glaze_only_l_osc",-0.00281123100808652,0.0412406989096525,0.0012302208504022,"< 0.05"
56,"diff_acf_Stimulus","glaze_only_l_osc",-0.00332066855928896,0.0402585140318167,0.0012009220182386,"< 0.05"
57,"diff_acf_Stimulus","glaze_only_l_osc",-0.00203157911129418,0.0406864921401446,0.00121368871730775,"< 0.05"
58,"diff_acf_Stimulus","glaze_only_l_osc",-0.00155235273630596,0.0407175047545015,0.00121461383171696,"< 0.05"
59,"diff_acf_Stimulus","glaze_only_l_osc",-0.00206322520692086,0.040925134496349,0.00122080748129947,"< 0.05"
60,"diff_acf_Stimulus","glaze_only_l_osc",-0.00127423522838218,0.0411325373790251,0.00122699436361349,"< 0.05"
61,"diff_acf_Stimulus","glaze_only_l_osc",-7.22625234649783e-04,0.041114410690455,0.00122645363974563,"> 0.05"
62,"diff_acf_Stimulus","glaze_only_l_osc",5.49058207552812e-04,0.0415480758341232,0.00123938998456854,"> 0.05"
63,"diff_acf_Stimulus","glaze_only_l_osc",-0.00139213720515779,0.0408596079189484,0.00121885280633263,"< 0.05"
64,"diff_acf_Stimulus","glaze_only_l_osc",-7.34154693590239e-04,0.0413382469699816,0.00123313073459199,"> 0.05"
65,"diff_acf_Stimulus","glaze_only_l_osc",-1.49866946026866e-04,0.0406740540151695,0.0012133176847819,"> 0.05"
66,"diff_acf_Stimulus","glaze_only_l_osc",-0.00157157960663686,0.0415959515665072,0.00124081813020536,"< 0.05"
67,"diff_acf_Stimulus","glaze_only_l_osc",-7.20726945296684e-04,0.0420313066408282,0.00125380488610228,"> 0.05"
68,"diff_acf_Stimulus","glaze_only_l_osc",-7.01930391006452e-05,0.0408288597445237,0.00121793558023586,"> 0.05"
69,"diff_acf_Stimulus","glaze_only_l_osc",-0.00254140964903737,0.0412964058578364,0.00123188260325751,"< 0.05"
70,"diff_acf_Stimulus","glaze_only_l_osc",-7.28602959585366e-04,0.0407662613175769,0.00121606825276401,"> 0.05"
71,"diff_acf_Stimulus","glaze_only_l_osc",-0.00192478624281447,0.0401124747046537,0.00119656562685813,"< 0.05"
72,"diff_acf_Stimulus","glaze_only_l_osc",-0.00136436616790879,0.0407764820976279,0.00121637314131,"< 0.05"
73,"diff_acf_Stimulus","glaze_only_l_osc",-0.00183103997021128,0.0408698031490659,0.00121915693271742,"< 0.05"
74,"diff_acf_Stimulus","glaze_only_l_osc",-0.00188607727749718,0.0407196438314343,0.00121467764094214,"< 0.05"
75,"diff_acf_Stimulus","glaze_only_l_osc",-0.00350211498809428,0.0406249427311755,0.00121185268231693,"< 0.05"
76,"diff_acf_Stimulus","glaze_only_l_osc",-0.00262549553848501,0.0412784676063575,0.00123134750051744,"< 0.05"
77,"diff_acf_Stimulus","glaze_only_l_osc",-0.00315577528628668,0.0405227364105372,0.00120880384100201,"< 0.05"
78,"diff_acf_Stimulus","glaze_only_l_osc",-0.00318903031896441,0.0401369129608789,0.00119729462644229,"< 0.05"
79,"diff_acf_Stimulus","glaze_only_l_osc",-0.00355440402065573,0.0401413335031204,0.0011974264923752,"< 0.05"
80,"diff_acf_Stimulus","glaze_only_l_osc",-0.00351564740991769,0.0409271571521287,0.00122086781765116,"< 0.05"
81,"diff_acf_Stimulus","glaze_only_l_osc",-0.00430846350978687,0.0406953872016249,0.00121395405932153,"< 0.05"
82,"diff_acf_Stimulus","glaze_only_l_osc",-0.00451738226219195,0.0410105059086624,0.0012233541328896,"< 0.05"
83,"diff_acf_Stimulus","glaze_only_l_osc",-0.00349475358277741,0.040528040857132,0.00120896207403329,"< 0.05"
84,"diff_acf_Stimulus","glaze_only_l_osc",-0.00505185144975369,0.0406940768348726,0.0012139149707381,"< 0.05"
85,"diff_acf_Stimulus","glaze_only_l_osc",-0.00383031567307444,0.0405708675363104,0.00121023960509052,"< 0.05"
86,"diff_acf_Stimulus","glaze_only_l_osc",-0.00359356969590248,0.0406449136746622,0.00121244842079201,"< 0.05"
87,"diff_acf_Stimulus","glaze_only_l_osc",-0.00160583062498414,0.0403528487961787,0.00120373604896806,"< 0.05"
88,"diff_acf_Stimulus","glaze_only_l_osc",-0.00410869475742662,0.0406480299405078,0.00121254137981841,"< 0.05"
89,"diff_acf_Stimulus","glaze_only_l_osc",-0.004073461308425,0.0391890849958232,0.00116902066998583,"< 0.05"
90,"diff_acf_Stimulus","glaze_only_l_osc",-0.00270430287855072,0.0398111892103196,0.00118757820164825,"< 0.05"
91,"diff_acf_Stimulus","glaze_only_l_osc",-0.00387496649610303,0.0404492037873962,0.00120661034359376,"< 0.05"
92,"diff_acf_Stimulus","glaze_only_l_osc",-0.00182206209015509,0.0408120372250808,0.00121743376007466,"< 0.05"
93,"diff_acf_Stimulus","glaze_only_l_osc",-0.00277570460297593,0.0408394729981931,0.00121825217637269,"< 0.05"
94,"diff_acf_Stimulus","glaze_only_l_osc",-6.91537443028298e-04,0.0406841276353509,0.00121361818351043,"> 0.05"
95,"diff_acf_Stimulus","glaze_only_l_osc",-0.00114735916306874,0.0410143354561085,0.00122346836929297,"> 0.05"
96,"diff_acf_Stimulus","glaze_only_l_osc",-7.20252939251593e-04,0.0400634528518341,0.00119510329214852,"> 0.05"
97,"diff_acf_Stimulus","glaze_only_l_osc",-0.0011931879660454,0.0406918003165848,0.00121384706160129,"> 0.05"
98,"diff_acf_Stimulus","glaze_only_l_osc",-0.00177050003272345,0.0403630845249123,0.00120404138343716,"< 0.05"
99,"diff_acf_Stimulus","glaze_only_l_osc",-0.00107309821998147,0.0402158953556392,0.00119965069196538,"> 0.05"
2,"diff_acf_History","glaze_only_l_osc",0.00746408844274098,0.0424693311536708,0.00126687127204949,"< 0.05"
3,"diff_acf_History","glaze_only_l_osc",0.00223272579854833,0.0427409762085547,0.00127497451518703,"< 0.05"
4,"diff_acf_History","glaze_only_l_osc",0.00287363640749455,0.0428472624761522,0.00127814506238838,"< 0.05"
5,"diff_acf_History","glaze_only_l_osc",0.00249982194217773,0.0426721204458046,0.00127292052974922,"< 0.05"
6,"diff_acf_History","glaze_only_l_osc",0.00144691701284461,0.043438577660863,0.00129578414922792,"< 0.05"
7,"diff_acf_History","glaze_only_l_osc",0.00161881414605181,0.0429997910574354,0.00128269502991895,"< 0.05"
8,"diff_acf_History","glaze_only_l_osc",0.00145473060536776,0.0426554291736265,0.0012724226247283,"< 0.05"
9,"diff_acf_History","glaze_only_l_osc",0.00242782623966965,0.0429729455099168,0.00128189422020498,"< 0.05"
10,"diff_acf_History","glaze_only_l_osc",0.00246978368888896,0.0423307937930421,0.00126273866629568,"< 0.05"
11,"diff_acf_History","glaze_only_l_osc",0.00140850825833193,0.0426472460002083,0.00127217851852187,"< 0.05"
12,"diff_acf_History","glaze_only_l_osc",6.58116045948273e-04,0.0427497470679891,0.00127523615222125,"> 0.05"
13,"diff_acf_History","glaze_only_l_osc",0.00141490193426429,0.0417396627718934,0.00124510507310344,"< 0.05"
14,"diff_acf_History","glaze_only_l_osc",0.00195278813377979,0.0427510611389337,0.00127527535130172,"< 0.05"
15,"diff_acf_History","glaze_only_l_osc",0.00168456085098878,0.0420528800638082,0.00125444842696037,"< 0.05"
16,"diff_acf_History","glaze_only_l_osc",0.00125527261714957,0.0418078737371907,0.00124713982406434,"> 0.05"
17,"diff_acf_History","glaze_only_l_osc",3.15903039530474e-04,0.042393173141278,0.0012645994585922,"> 0.05"
18,"diff_acf_History","glaze_only_l_osc",0.00146985351117149,0.0421514485488524,0.00125738875068669,"< 0.05"
19,"diff_acf_History","glaze_only_l_osc",6.35127115342471e-04,0.0422680641487693,0.00126086742457663,"> 0.05"
20,"diff_acf_History","glaze_only_l_osc",0.00106995272842722,0.0421722790272659,0.00125801012931376,"> 0.05"
21,"diff_acf_History","glaze_only_l_osc",8.77530295181472e-04,0.0411067700978881,0.0012262257188681,"> 0.05"
22,"diff_acf_History","glaze_only_l_osc",-3.98973570701996e-05,0.0412330660691441,0.00122999316077061,"> 0.05"
23,"diff_acf_History","glaze_only_l_osc",0.00165365445227933,0.0422346120973414,0.00125986954112064,"< 0.05"
24,"diff_acf_History","glaze_only_l_osc",1.02745955386642e-04,0.041673231474377,0.00124312341009857,"> 0.05"
25,"diff_acf_History","glaze_only_l_osc",1.2280744173153e-04,0.0415715101228333,0.00124008903553877,"> 0.05"
26,"diff_acf_History","glaze_only_l_osc",0.00113399936614323,0.0417401934365019,0.0012451209029677,"> 0.05"
27,"diff_acf_History","glaze_only_l_osc",6.29741883834656e-04,0.0412626869261886,0.00123087675869466,"> 0.05"
28,"diff_acf_History","glaze_only_l_osc",-5.94002546070587e-05,0.0421542902777117,0.00125747352020288,"> 0.05"
29,"diff_acf_History","glaze_only_l_osc",0.00183367690244326,0.0422853338470097,0.00126138258419849,"< 0.05"
30,"diff_acf_History","glaze_only_l_osc",7.93020538177991e-04,0.0419989886597439,0.00125284083226168,"> 0.05"
31,"diff_acf_History","glaze_only_l_osc",5.29161808498282e-04,0.0416660437074538,0.00124290899712861,"> 0.05"
32,"diff_acf_History","glaze_only_l_osc",-6.5441234446564e-04,0.0410590156520666,0.00122480119124121,"> 0.05"
33,"diff_acf_History","glaze_only_l_osc",7.81586941664434e-04,0.0410440769198643,0.00122435556494681,"> 0.05"
34,"diff_acf_History","glaze_only_l_osc",0.00142120903711039,0.0410784877301237,0.00122538204842986,"< 0.05"
35,"diff_acf_History","glaze_only_l_osc",0.00157074179978554,0.0409269383837892,0.0012208612917343,"< 0.05"
36,"diff_acf_History","glaze_only_l_osc",0.00118207346834312,0.0413955805223562,0.00123484100947636,"> 0.05"
37,"diff_acf_History","glaze_only_l_osc",0.00156672117693402,0.0414198322432544,0.00123556444466286,"< 0.05"
38,"diff_acf_History","glaze_only_l_osc",0.00150984760548138,0.0414666895680851,0.00123696221093561,"< 0.05"
39,"diff_acf_History","glaze_only_l_osc",-1.44232698687806e-04,0.0412930339967621,0.00123178201975849,"> 0.05"
40,"diff_acf_History","glaze_only_l_osc",6.39985098227052e-04,0.0409463229516745,0.0012214395384716,"> 0.05"
41,"diff_acf_History","glaze_only_l_osc",-5.83548514115081e-06,0.0404159509862572,0.00120561840382607,"> 0.05"
42,"diff_acf_History","glaze_only_l_osc",0.00101167602896966,0.041595603983042,0.00124080776169955,"> 0.05"
43,"diff_acf_History","glaze_only_l_osc",4.0987310740148e-04,0.0408095603580396,0.00121735987448207,"> 0.05"
44,"diff_acf_History","glaze_only_l_osc",-3.25074226324053e-04,0.0412049417542365,0.00122915420509049,"> 0.05"
45,"diff_acf_History","glaze_only_l_osc",1.49766773630541e-04,0.0417858087461854,0.00124648161960331,"> 0.05"
46,"diff_acf_History","glaze_only_l_osc",-3.46906801026851e-04,0.0403982795043797,0.00120509125889308,"> 0.05"
47,"diff_acf_History","glaze_only_l_osc",9.84492218126011e-04,0.0412951784612626,0.00123184598969623,"> 0.05"
48,"diff_acf_History","glaze_only_l_osc",-1.23250508523414e-04,0.0406835517232591,0.00121360100390189,"> 0.05"
49,"diff_acf_History","glaze_only_l_osc",-6.72497659228247e-04,0.0406327229228704,0.00121208476747301,"> 0.05"
50,"diff_acf_History","glaze_only_l_osc",-6.40259840758967e-04,0.041345207103375,0.00123333835719414,"> 0.05"
51,"diff_acf_History","glaze_only_l_osc",7.76869593095603e-04,0.0412901942634153,0.00123169730976896,"> 0.05"
52,"diff_acf_History","glaze_only_l_osc",7.78027933631567e-04,0.0412855813598296,0.00123155970564677,"> 0.05"
53,"diff_acf_History","glaze_only_l_osc",-0.00143413997776312,0.0405982789938325,0.00121105729604812,"< 0.05"
54,"diff_acf_History","glaze_only_l_osc",-1.55513979610337e-04,0.0408037545869913,0.00121718668681103,"> 0.05"
55,"diff_acf_History","glaze_only_l_osc",-0.00108831427185857,0.0409413728319536,0.00122129187510377,"> 0.05"
56,"diff_acf_History","glaze_only_l_osc",-0.00139868167178453,0.0398270678206928,0.00118805186475468,"< 0.05"
57,"diff_acf_History","glaze_only_l_osc",-1.42594630413052e-04,0.0403962439469666,0.00120503053768229,"> 0.05"
58,"diff_acf_History","glaze_only_l_osc",-4.66912780840328e-04,0.0399264086577799,0.00119101522794473,"> 0.05"
59,"diff_acf_History","glaze_only_l_osc",-3.32757273908189e-04,0.0407173965256276,0.0012146106032213,"> 0.05"
60,"diff_acf_History","glaze_only_l_osc",-8.72490353159371e-05,0.0404305338916487,0.00120605341571351,"> 0.05"
61,"diff_acf_History","glaze_only_l_osc",-3.65401201551109e-04,0.0411132451276678,0.0012264188707024,"> 0.05"
62,"diff_acf_History","glaze_only_l_osc",2.05115889062631e-04,0.04077963554103,0.00121646720935265,"> 0.05"
63,"diff_acf_History","glaze_only_l_osc",-5.46521328178398e-04,0.0400700431700613,0.00119529988306741,"> 0.05"
64,"diff_acf_History","glaze_only_l_osc",-0.00117325307786782,0.0402155189411938,0.00119963946342388,"> 0.05"
65,"diff_acf_History","glaze_only_l_osc",-0.00108422476133761,0.0400916027851665,0.00119594301203297,"> 0.05"
66,"diff_acf_History","glaze_only_l_osc",-9.58293450642677e-04,0.0400894840376087,0.00119587980923837,"> 0.05"
67,"diff_acf_History","glaze_only_l_osc",-9.71932055972545e-04,0.0410170841156857,0.0012235503625281,"> 0.05"
68,"diff_acf_History","glaze_only_l_osc",-0.00138594019706181,0.039893405856782,0.00119003074574674,"< 0.05"
69,"diff_acf_History","glaze_only_l_osc",-5.75231758978591e-04,0.0404088416653995,0.00120540633092279,"> 0.05"
70,"diff_acf_History","glaze_only_l_osc",-5.02601599339508e-04,0.0397761074572218,0.00118653170376459,"> 0.05"
71,"diff_acf_History","glaze_only_l_osc",-6.71655438654088e-04,0.0404532447438231,0.00120673088638239,"> 0.05"
72,"diff_acf_History","glaze_only_l_osc",-4.87534097882411e-04,0.039965146821797,0.00119217079752381,"> 0.05"
73,"diff_acf_History","glaze_only_l_osc",-0.00107348485161371,0.0398637724948079,0.00118914677479736,"> 0.05"
74,"diff_acf_History","glaze_only_l_osc",-7.53040349613131e-04,0.0398362803190623,0.00118832667599401,"> 0.05"
75,"diff_acf_History","glaze_only_l_osc",-0.00104708748803735,0.0390823239156792,0.00116583595900185,"> 0.05"
76,"diff_acf_History","glaze_only_l_osc",1.01643111101664e-04,0.0398562827752633,0.00118892335450161,"> 0.05"
77,"diff_acf_History","glaze_only_l_osc",-3.34322132473515e-04,0.0400183388065746,0.00119375752836199,"> 0.05"
78,"diff_acf_History","glaze_only_l_osc",-6.00016622424731e-04,0.0398348167767493,0.00118828301814348,"> 0.05"
79,"diff_acf_History","glaze_only_l_osc",-3.16767972286702e-04,0.0397868418229959,0.00118685191270722,"> 0.05"
80,"diff_acf_History","glaze_only_l_osc",-0.00151956606867547,0.0400969500680036,0.00119610252288059,"< 0.05"
81,"diff_acf_History","glaze_only_l_osc",-0.00120262200647844,0.0401966760521673,0.00119907737510881,"> 0.05"
82,"diff_acf_History","glaze_only_l_osc",-3.10544496937963e-04,0.0397867289569623,0.00118684854588388,"> 0.05"
83,"diff_acf_History","glaze_only_l_osc",2.13584971767038e-04,0.039848885649552,0.00118870269630416,"> 0.05"
84,"diff_acf_History","glaze_only_l_osc",-0.00121715660210593,0.0396281328651873,0.00118211758292611,"< 0.05"
85,"diff_acf_History","glaze_only_l_osc",-7.31841642994991e-04,0.0393820618301251,0.00117477721949831,"> 0.05"
86,"diff_acf_History","glaze_only_l_osc",-8.10528135099876e-04,0.0393658242178004,0.00117429284726964,"> 0.05"
87,"diff_acf_History","glaze_only_l_osc",-6.58813854775885e-04,0.0399716164055825,0.00119236378690267,"> 0.05"
88,"diff_acf_History","glaze_only_l_osc",-6.76704124545891e-04,0.039227390661435,0.0011701633380242,"> 0.05"
89,"diff_acf_History","glaze_only_l_osc",-5.83121517199691e-04,0.0395189791246128,0.0011788614982548,"> 0.05"
90,"diff_acf_History","glaze_only_l_osc",-3.4430830850598e-04,0.0398598304627251,0.00118902918294782,"> 0.05"
91,"diff_acf_History","glaze_only_l_osc",-4.67516670683577e-04,0.0390433441189419,0.00116467318145543,"> 0.05"
92,"diff_acf_History","glaze_only_l_osc",-0.00156173644885419,0.0399929267003884,0.00119299947857841,"< 0.05"
93,"diff_acf_History","glaze_only_l_osc",-4.56968810624977e-04,0.0398837244973529,0.00118974194825919,"> 0.05"
94,"diff_acf_History","glaze_only_l_osc",2.03198903338732e-04,0.0394765418807406,0.00117759558415476,"> 0.05"
95,"diff_acf_History","glaze_only_l_osc",-9.95565017409779e-04,0.0388470767280763,0.00115881847377878,"> 0.05"
96,"diff_acf_History","glaze_only_l_osc",-4.18983074281304e-04,0.0397397382928329,0.00118544680206492,"> 0.05"
97,"diff_acf_History","glaze_only_l_osc",-3.31260585856886e-04,0.0394822278286533,0.00117776519747028,"> 0.05"
98,"diff_acf_History","glaze_only_l_osc",-8.1317338991352e-06,0.0390813496715755,0.00116580689704506,"> 0.05"
99,"diff_acf_History","glaze_only_l_osc",-0.00116089717012301,0.039125686511218,0.00116712947658447,"> 0.05"
2,"diff_acf_Stimulus","glaze_osc_no_H",0.00795308828641825,0.0445223536041881,0.0013281134694842,"< 0.05"
3,"diff_acf_Stimulus","glaze_osc_no_H",0.00955119751011173,0.0444612477954096,0.00132629066720326,"< 0.05"
4,"diff_acf_Stimulus","glaze_osc_no_H",0.00906773077123459,0.0457363231999463,0.00136432650049339,"< 0.05"
5,"diff_acf_Stimulus","glaze_osc_no_H",0.00783059446331811,0.0445527711429429,0.00132902083263234,"< 0.05"
6,"diff_acf_Stimulus","glaze_osc_no_H",0.00802903156303598,0.0441657685829508,0.00131747644490253,"< 0.05"
7,"diff_acf_Stimulus","glaze_osc_no_H",0.00668151659141204,0.0436175186944179,0.00130112200712781,"< 0.05"
8,"diff_acf_Stimulus","glaze_osc_no_H",0.00613718049214778,0.0437238630974061,0.00130429428852309,"< 0.05"
9,"diff_acf_Stimulus","glaze_osc_no_H",0.00504873491993512,0.0450014355216942,0.00134240460856644,"< 0.05"
10,"diff_acf_Stimulus","glaze_osc_no_H",0.00538300908271678,0.0436016830264336,0.00130064962500409,"< 0.05"
11,"diff_acf_Stimulus","glaze_osc_no_H",0.00400931996279033,0.0438421108891697,0.00130782165112333,"< 0.05"
12,"diff_acf_Stimulus","glaze_osc_no_H",0.00246501832061293,0.0439896264579611,0.00131222207917824,"< 0.05"
13,"diff_acf_Stimulus","glaze_osc_no_H",0.00243484294601871,0.044255497969735,0.00132015309601258,"< 0.05"
14,"diff_acf_Stimulus","glaze_osc_no_H",1.31197185283037e-04,0.0435561810999309,0.00129929229061847,"> 0.05"
15,"diff_acf_Stimulus","glaze_osc_no_H",1.58386906464458e-04,0.0455181260043404,0.00135781762099739,"> 0.05"
16,"diff_acf_Stimulus","glaze_osc_no_H",0.00108266593605334,0.0441687582925395,0.00131756562872264,"> 0.05"
17,"diff_acf_Stimulus","glaze_osc_no_H",5.49506958172238e-04,0.0438297487685183,0.00130745288582637,"> 0.05"
18,"diff_acf_Stimulus","glaze_osc_no_H",-7.05621648617495e-04,0.0450085786156567,0.00134261768893029,"> 0.05"
19,"diff_acf_Stimulus","glaze_osc_no_H",-0.00169086355646071,0.0447002131025722,0.00133341906490666,"< 0.05"
20,"diff_acf_Stimulus","glaze_osc_no_H",-7.56501360149608e-04,0.0445162358141064,0.00132793097420367,"> 0.05"
21,"diff_acf_Stimulus","glaze_osc_no_H",-0.00256482010926392,0.0441930070413663,0.00131828897525147,"< 0.05"
22,"diff_acf_Stimulus","glaze_osc_no_H",-0.00109969365854042,0.0441764304413183,0.00131779449093022,"> 0.05"
23,"diff_acf_Stimulus","glaze_osc_no_H",-0.00123313114188637,0.0435491869376481,0.00129908365292564,"> 0.05"
24,"diff_acf_Stimulus","glaze_osc_no_H",-3.96658638059076e-04,0.0435685729076416,0.0012996619414882,"> 0.05"
25,"diff_acf_Stimulus","glaze_osc_no_H",-5.00814820963539e-04,0.0432470053801848,0.00129006949791792,"> 0.05"
26,"diff_acf_Stimulus","glaze_osc_no_H",0.00188315154836769,0.041935260371746,0.00125093980073874,"< 0.05"
27,"diff_acf_Stimulus","glaze_osc_no_H",0.00123242133999726,0.0431996924676474,0.00128865814134454,"> 0.05"
28,"diff_acf_Stimulus","glaze_osc_no_H",0.00100201832448548,0.0420110982833555,0.00125320206550582,"> 0.05"
29,"diff_acf_Stimulus","glaze_osc_no_H",0.00187951747667419,0.0423897066835626,0.00126449605325061,"< 0.05"
30,"diff_acf_Stimulus","glaze_osc_no_H",0.00184289525283426,0.0428734275610043,0.00127892557372278,"< 0.05"
31,"diff_acf_Stimulus","glaze_osc_no_H",0.00245187154937363,0.0429772177538956,0.00128202166236187,"< 0.05"
32,"diff_acf_Stimulus","glaze_osc_no_H",0.00375989638960302,0.0433548553756032,0.00129328669152975,"< 0.05"
33,"diff_acf_Stimulus","glaze_osc_no_H",0.00279612140072463,0.0424257937597693,0.00126557254018592,"< 0.05"
34,"diff_acf_Stimulus","glaze_osc_no_H",0.00195997554527059,0.04176001847861,0.00124571228916644,"< 0.05"
35,"diff_acf_Stimulus","glaze_osc_no_H",0.00313855584083593,0.0425605395741281,0.0012695920431214,"< 0.05"
36,"diff_acf_Stimulus","glaze_osc_no_H",0.0032172861758651,0.0426203361919537,0.00127137579189331,"< 0.05"
37,"diff_acf_Stimulus","glaze_osc_no_H",0.00261953826326087,0.042788270249581,0.00127638530881828,"< 0.05"
38,"diff_acf_Stimulus","glaze_osc_no_H",0.00242314317936188,0.0427446989123646,0.00127508556441674,"< 0.05"
39,"diff_acf_Stimulus","glaze_osc_no_H",0.00123130673528561,0.0417870525094945,0.00124651872138859,"> 0.05"
40,"diff_acf_Stimulus","glaze_osc_no_H",7.79225285331771e-04,0.0423304543561672,0.0012627285408048,"> 0.05"
41,"diff_acf_Stimulus","glaze_osc_no_H",6.19338940385755e-04,0.0424984458928597,0.00126773977234535,"> 0.05"
42,"diff_acf_Stimulus","glaze_osc_no_H",-9.99579229087374e-05,0.0418695348331042,0.00124897919070596,"> 0.05"
43,"diff_acf_Stimulus","glaze_osc_no_H",-1.45041191734312e-04,0.0420517255963779,0.00125441398889454,"> 0.05"
44,"diff_acf_Stimulus","glaze_osc_no_H",-5.85200462797926e-04,0.0431011387633448,0.00128571825853162,"> 0.05"
45,"diff_acf_Stimulus","glaze_osc_no_H",-0.00219377416196441,0.0411561295085987,0.00122769812301801,"< 0.05"
46,"diff_acf_Stimulus","glaze_osc_no_H",-0.00233491330439438,0.0431650011273129,0.00128762328957587,"< 0.05"
47,"diff_acf_Stimulus","glaze_osc_no_H",-0.00280744131664898,0.0421782858127346,0.00125818931329762,"< 0.05"
48,"diff_acf_Stimulus","glaze_osc_no_H",-0.00340847329355444,0.0421976276345695,0.00125876628490904,"< 0.05"
49,"diff_acf_Stimulus","glaze_osc_no_H",-0.00336626829362653,0.0425325628594957,0.00126875749039615,"< 0.05"
50,"diff_acf_Stimulus","glaze_osc_no_H",-0.00497618615205857,0.041920779690421,0.00125050783822198,"< 0.05"
51,"diff_acf_Stimulus","glaze_osc_no_H",-0.00363295829330316,0.0419706160087957,0.00125199446865242,"< 0.05"
52,"diff_acf_Stimulus","glaze_osc_no_H",-0.00461286743198045,0.0417812333448459,0.00124634513418294,"< 0.05"
53,"diff_acf_Stimulus","glaze_osc_no_H",-0.00389905192241625,0.0415064956798023,0.00123814963767431,"< 0.05"
54,"diff_acf_Stimulus","glaze_osc_no_H",-0.00360363710813166,0.0425789224005822,0.00127014040764943,"< 0.05"
55,"diff_acf_Stimulus","glaze_osc_no_H",-0.00384160453469273,0.0411903648197799,0.0012287193713176,"< 0.05"
56,"diff_acf_Stimulus","glaze_osc_no_H",-0.00317456212659175,0.0410246814374458,0.00122377699262612,"< 0.05"
57,"diff_acf_Stimulus","glaze_osc_no_H",-0.00239199983690605,0.0424117586512697,0.00126515386922325,"< 0.05"
58,"diff_acf_Stimulus","glaze_osc_no_H",-0.00279396340067,0.0410117365890689,0.00122339084440847,"< 0.05"
59,"diff_acf_Stimulus","glaze_osc_no_H",-0.00191247432576741,0.0421261890879552,0.00125663525435206,"< 0.05"
60,"diff_acf_Stimulus","glaze_osc_no_H",-0.00235019813223935,0.0412021701954987,0.0012290715287674,"< 0.05"
61,"diff_acf_Stimulus","glaze_osc_no_H",-0.00146726961351345,0.0419638606841887,0.00125179295555001,"< 0.05"
62,"diff_acf_Stimulus","glaze_osc_no_H",-0.00200364711717737,0.0411239007200876,0.00122673672981524,"< 0.05"
63,"diff_acf_Stimulus","glaze_osc_no_H",-4.98718439270682e-04,0.0415080797755951,0.00123819689166672,"> 0.05"
64,"diff_acf_Stimulus","glaze_osc_no_H",-0.00152211839403743,0.0417459286313428,0.00124529198533199,"< 0.05"
65,"diff_acf_Stimulus","glaze_osc_no_H",-0.00119491860232167,0.0413090318231136,0.00123225923910877,"> 0.05"
66,"diff_acf_Stimulus","glaze_osc_no_H",1.32870159477039e-04,0.0413275081408702,0.00123281039250684,"> 0.05"
67,"diff_acf_Stimulus","glaze_osc_no_H",-6.94690763273932e-04,0.0416263922705961,0.00124172618438148,"> 0.05"
68,"diff_acf_Stimulus","glaze_osc_no_H",-0.00252567680921277,0.0416638151346153,0.00124284251821712,"< 0.05"
69,"diff_acf_Stimulus","glaze_osc_no_H",-0.00146849903497875,0.0412798924488719,0.00123139000394284,"< 0.05"
70,"diff_acf_Stimulus","glaze_osc_no_H",-8.92782505772832e-04,0.0419375170707958,0.00125100711866248,"> 0.05"
71,"diff_acf_Stimulus","glaze_osc_no_H",-0.00175958019826292,0.0419618806272694,0.00125173388993349,"< 0.05"
72,"diff_acf_Stimulus","glaze_osc_no_H",-0.00340340302224577,0.0412239695879111,0.00122972181035284,"< 0.05"
73,"diff_acf_Stimulus","glaze_osc_no_H",-0.00169986313523663,0.0412318096850576,0.00122995568250423,"< 0.05"
74,"diff_acf_Stimulus","glaze_osc_no_H",-0.00381336289002068,0.0411528176514481,0.00122759932945176,"< 0.05"
75,"diff_acf_Stimulus","glaze_osc_no_H",-0.00226784969279348,0.0414663640321117,0.00123695250011226,"< 0.05"
76,"diff_acf_Stimulus","glaze_osc_no_H",-0.00336853117355119,0.0416972052008887,0.00124383855263971,"< 0.05"
77,"diff_acf_Stimulus","glaze_osc_no_H",-0.00344963952895208,0.0411229905957275,0.00122670958056719,"< 0.05"
78,"diff_acf_Stimulus","glaze_osc_no_H",-0.00389496399495955,0.0406119965425129,0.00121146649411821,"< 0.05"
79,"diff_acf_Stimulus","glaze_osc_no_H",-0.00423656043963122,0.0411955689329924,0.00122887461137781,"< 0.05"
80,"diff_acf_Stimulus","glaze_osc_no_H",-0.00608694879497756,0.0412610656020523,0.00123082839417101,"< 0.05"
81,"diff_acf_Stimulus","glaze_osc_no_H",-0.00468762086455014,0.0410547856569257,0.00122467500937822,"< 0.05"
82,"diff_acf_Stimulus","glaze_osc_no_H",-0.00498318558395207,0.0414362484694781,0.00123605414499091,"< 0.05"
83,"diff_acf_Stimulus","glaze_osc_no_H",-0.0047601308415739,0.0412751993030685,0.00123125000617428,"< 0.05"
84,"diff_acf_Stimulus","glaze_osc_no_H",-0.00464233416299689,0.0415043535669454,0.00123808573788672,"< 0.05"
85,"diff_acf_Stimulus","glaze_osc_no_H",-0.00527759898648237,0.0407097052279983,0.00121438116979849,"< 0.05"
86,"diff_acf_Stimulus","glaze_osc_no_H",-0.00467230926566515,0.0408235699653547,0.00121777778473773,"< 0.05"
87,"diff_acf_Stimulus","glaze_osc_no_H",-0.00400322785556429,0.0413741090308833,0.00123420050926182,"< 0.05"
88,"diff_acf_Stimulus","glaze_osc_no_H",-0.00489982963548083,0.0405236401149274,0.00120883079874067,"< 0.05"
89,"diff_acf_Stimulus","glaze_osc_no_H",-0.00476104640974114,0.0406191589262934,0.00121168014990238,"< 0.05"
90,"diff_acf_Stimulus","glaze_osc_no_H",-0.00251963681664006,0.0408178129342636,0.00121760605099238,"< 0.05"
91,"diff_acf_Stimulus","glaze_osc_no_H",-0.00331028357480006,0.0407515758603962,0.00121563018172984,"< 0.05"
92,"diff_acf_Stimulus","glaze_osc_no_H",-0.00273796578940127,0.0404333743115434,0.00120613814618295,"< 0.05"
93,"diff_acf_Stimulus","glaze_osc_no_H",-0.00249311079365743,0.0409621810917203,0.00122191259094279,"< 0.05"
94,"diff_acf_Stimulus","glaze_osc_no_H",-0.00316395304163281,0.0405711383104234,0.00121024768235323,"< 0.05"
95,"diff_acf_Stimulus","glaze_osc_no_H",-0.00298346133098003,0.041018125280183,0.00122358142073776,"< 0.05"
96,"diff_acf_Stimulus","glaze_osc_no_H",-0.00140026725011965,0.0407349013564055,0.00121513277690834,"< 0.05"
97,"diff_acf_Stimulus","glaze_osc_no_H",-2.68999114494786e-04,0.0409159466807734,0.00122053340635435,"> 0.05"
98,"diff_acf_Stimulus","glaze_osc_no_H",-0.00182502570624878,0.0408031066741892,0.00121716735940244,"< 0.05"
99,"diff_acf_Stimulus","glaze_osc_no_H",-7.89272178784266e-04,0.0409914144541145,0.00122278462979993,"> 0.05"
2,"diff_acf_History","glaze_osc_no_H",0.00148570085409972,0.0420222639155017,0.00125353513923729,"< 0.05"
3,"diff_acf_History","glaze_osc_no_H",9.20760623275609e-05,0.041530860495648,0.00123887644651272,"> 0.05"
4,"diff_acf_History","glaze_osc_no_H",5.59639881539353e-04,0.0420055254490853,0.00125303582639988,"> 0.05"
5,"diff_acf_History","glaze_osc_no_H",5.42536324170333e-04,0.0418693023630899,0.00124897225606455,"> 0.05"
6,"diff_acf_History","glaze_osc_no_H",2.64594793207936e-04,0.0420513872402829,0.0012544038956436,"> 0.05"
7,"diff_acf_History","glaze_osc_no_H",-5.35043424729622e-04,0.0423543339325975,0.00126344087482435,"> 0.05"
8,"diff_acf_History","glaze_osc_no_H",9.78188280389916e-04,0.0417246960720547,0.00124465861252711,"> 0.05"
9,"diff_acf_History","glaze_osc_no_H",-3.8367580709185e-04,0.0413780004012126,0.00123431658985799,"> 0.05"
10,"diff_acf_History","glaze_osc_no_H",0.00111929176770054,0.0422065269665002,0.00125903175431148,"> 0.05"
11,"diff_acf_History","glaze_osc_no_H",-6.17905802970448e-04,0.0420753516189514,0.00125511875933613,"> 0.05"
12,"diff_acf_History","glaze_osc_no_H",8.97856199561338e-04,0.0421038556749745,0.00125596904279319,"> 0.05"
13,"diff_acf_History","glaze_osc_no_H",2.28937891315149e-04,0.0418330524835082,0.00124789091266191,"> 0.05"
14,"diff_acf_History","glaze_osc_no_H",9.14911265091734e-04,0.0421104379841636,0.00125616539480037,"> 0.05"
15,"diff_acf_History","glaze_osc_no_H",-4.38750816033495e-04,0.0413943276403861,0.00123480363567903,"> 0.05"
16,"diff_acf_History","glaze_osc_no_H",6.73471178624498e-04,0.0415862939931424,0.00124053004226234,"> 0.05"
17,"diff_acf_History","glaze_osc_no_H",-5.2248942330462e-05,0.0410276809954941,0.00122386647022836,"> 0.05"
18,"diff_acf_History","glaze_osc_no_H",-0.00241972700720158,0.04172712169497,0.001244730969494,"< 0.05"
19,"diff_acf_History","glaze_osc_no_H",9.14008584803584e-04,0.0419355710773635,0.00125094906916869,"> 0.05"
20,"diff_acf_History","glaze_osc_no_H",5.19174355661734e-04,0.0412609721603528,0.00123082560678064,"> 0.05"
21,"diff_acf_History","glaze_osc_no_H",1.07832756296516e-04,0.0416739669907158,0.00124314535074361,"> 0.05"
22,"diff_acf_History","glaze_osc_no_H",-3.16501089483441e-04,0.0409105980647918,0.00122037385573869,"> 0.05"
23,"diff_acf_History","glaze_osc_no_H",2.12879846831365e-04,0.0414222801912961,0.00123563746759412,"> 0.05"
24,"diff_acf_History","glaze_osc_no_H",4.1449373885386e-04,0.041769753640791,0.00124600269160417,"> 0.05"
25,"diff_acf_History","glaze_osc_no_H",2.75663124020559e-04,0.041610025532482,0.0012412379602967,"> 0.05"
26,"diff_acf_History","glaze_osc_no_H",4.21172032659288e-04,0.0408001053227117,0.00121707782830174,"> 0.05"
27,"diff_acf_History","glaze_osc_no_H",3.59951846711783e-04,0.0416959503511484,0.00124380112014328,"> 0.05"
28,"diff_acf_History","glaze_osc_no_H",-7.99015605370176e-04,0.0411236106085948,0.00122672807571342,"> 0.05"
29,"diff_acf_History","glaze_osc_no_H",3.20933108697033e-04,0.0411701634227617,0.00122811675835331,"> 0.05"
30,"diff_acf_History","glaze_osc_no_H",1.64839276352111e-04,0.0413776338474101,0.00123430565546205,"> 0.05"
31,"diff_acf_History","glaze_osc_no_H",4.42064903365594e-04,0.0413618388157034,0.00123383448552914,"> 0.05"
32,"diff_acf_History","glaze_osc_no_H",-5.07201781645029e-04,0.0412040899864904,0.00122912879663552,"> 0.05"
33,"diff_acf_History","glaze_osc_no_H",-1.25834010632824e-04,0.040827705361916,0.00121790114470031,"> 0.05"
34,"diff_acf_History","glaze_osc_no_H",4.59143173395664e-04,0.0410805254222497,0.0012254428333197,"> 0.05"
35,"diff_acf_History","glaze_osc_no_H",2.66262725758261e-04,0.0407067882818203,0.00121429415652998,"> 0.05"
36,"diff_acf_History","glaze_osc_no_H",5.53419826080543e-04,0.0405514541526491,0.00120966049877107,"> 0.05"
37,"diff_acf_History","glaze_osc_no_H",-1.68364207693999e-04,0.0405875949785077,0.00121073858907258,"> 0.05"
38,"diff_acf_History","glaze_osc_no_H",7.28195232253913e-04,0.0408433103386943,0.00121836664524493,"> 0.05"
39,"diff_acf_History","glaze_osc_no_H",3.0986520653908e-04,0.0405927715442096,0.00121089300738333,"> 0.05"
40,"diff_acf_History","glaze_osc_no_H",-3.80658339400711e-04,0.0407662382361075,0.00121606756423773,"> 0.05"
41,"diff_acf_History","glaze_osc_no_H",7.1575181487069e-04,0.0409398879214284,0.00122124757983387,"> 0.05"
42,"diff_acf_History","glaze_osc_no_H",-5.36858907922621e-04,0.0403153135222829,0.00120261636191636,"> 0.05"
43,"diff_acf_History","glaze_osc_no_H",0.00169537269091142,0.0396853284373037,0.00118382374182324,"< 0.05"
44,"diff_acf_History","glaze_osc_no_H",8.91984006529022e-06,0.0413678922860904,0.00123401506213634,"> 0.05"
45,"diff_acf_History","glaze_osc_no_H",6.50710442171163e-04,0.0408749903220836,0.00121931166744718,"> 0.05"
46,"diff_acf_History","glaze_osc_no_H",-8.02361239604385e-04,0.041396758140338,0.0012348761381292,"> 0.05"
47,"diff_acf_History","glaze_osc_no_H",-2.81014892040993e-04,0.0403081097264351,0.00120240147079937,"> 0.05"
48,"diff_acf_History","glaze_osc_no_H",4.81647927752171e-04,0.0405825343357905,0.00121058762877482,"> 0.05"
49,"diff_acf_History","glaze_osc_no_H",2.01713336591483e-04,0.0407961995235203,0.00121696131728884,"> 0.05"
50,"diff_acf_History","glaze_osc_no_H",3.8914556160296e-04,0.0402029023668708,0.00119926310770724,"> 0.05"
51,"diff_acf_History","glaze_osc_no_H",3.04321229984204e-04,0.0393297043259836,0.00117321538143608,"> 0.05"
52,"diff_acf_History","glaze_osc_no_H",0.00121584826062054,0.0412207542142735,0.00122962589491505,"> 0.05"
53,"diff_acf_History","glaze_osc_no_H",1.89409281505129e-04,0.0396601693536763,0.00118307323976887,"> 0.05"
54,"diff_acf_History","glaze_osc_no_H",6.66653018620118e-05,0.0410113278078409,0.00122337865035737,"> 0.05"
55,"diff_acf_History","glaze_osc_no_H",-0.00124913885606801,0.0404298997251101,0.00120603449835956,"< 0.05"
56,"diff_acf_History","glaze_osc_no_H",-7.39003295455662e-04,0.0407199157785479,0.00121468575319577,"> 0.05"
57,"diff_acf_History","glaze_osc_no_H",-6.07084715877542e-05,0.040978190726392,0.00122239016253835,"> 0.05"
58,"diff_acf_History","glaze_osc_no_H",-9.81816081407925e-04,0.0404943291159336,0.00120795644396343,"> 0.05"
59,"diff_acf_History","glaze_osc_no_H",-1.33758619644773e-04,0.0405283952935233,0.00120897264696368,"> 0.05"
60,"diff_acf_History","glaze_osc_no_H",4.28560761467424e-05,0.040298339443781,0.00120211002070873,"> 0.05"
61,"diff_acf_History","glaze_osc_no_H",-2.08640958784957e-04,0.0401166667907152,0.00119669067788335,"> 0.05"
62,"diff_acf_History","glaze_osc_no_H",6.29047758922139e-04,0.0399671669870302,0.00119223105958185,"> 0.05"
63,"diff_acf_History","glaze_osc_no_H",-1.66752419770452e-05,0.0405447973162154,0.00120946192359667,"> 0.05"
64,"diff_acf_History","glaze_osc_no_H",-2.52984656052754e-05,0.0405775168048177,0.00121043795451169,"> 0.05"
65,"diff_acf_History","glaze_osc_no_H",-6.22532679693184e-04,0.0396116286026867,0.00118162525645286,"> 0.05"
66,"diff_acf_History","glaze_osc_no_H",-3.51742557373864e-04,0.0401068647831433,0.0011963982814301,"> 0.05"
67,"diff_acf_History","glaze_osc_no_H",4.64798772502946e-04,0.0406808258235591,0.00121351968959986,"> 0.05"
68,"diff_acf_History","glaze_osc_no_H",-8.52835476226684e-04,0.0393800458028043,0.00117471708087528,"> 0.05"
69,"diff_acf_History","glaze_osc_no_H",-8.23182125184536e-05,0.0397395024538116,0.00118543976692514,"> 0.05"
70,"diff_acf_History","glaze_osc_no_H",4.99820412131295e-04,0.0403816204364132,0.00120459431453223,"> 0.05"
71,"diff_acf_History","glaze_osc_no_H",-1.16082293048127e-04,0.0397438441707096,0.00118556928147741,"> 0.05"
72,"diff_acf_History","glaze_osc_no_H",9.65385809328916e-05,0.0403251731335709,0.00120291047670355,"> 0.05"
73,"diff_acf_History","glaze_osc_no_H",2.47696735879453e-04,0.0394871256943518,0.00117791130208694,"> 0.05"
74,"diff_acf_History","glaze_osc_no_H",2.28888751003616e-04,0.0387943954334528,0.00115724697696166,"> 0.05"
75,"diff_acf_History","glaze_osc_no_H",2.25108718191087e-05,0.0394883522822465,0.00117794789152511,"> 0.05"
76,"diff_acf_History","glaze_osc_no_H",3.24412539482414e-04,0.0395597725746304,0.0011800783775536,"> 0.05"
77,"diff_acf_History","glaze_osc_no_H",3.46184518089543e-04,0.0385222268199509,0.00114912811593342,"> 0.05"
78,"diff_acf_History","glaze_osc_no_H",5.79898938386261e-04,0.0393893183079141,0.0011749936821314,"> 0.05"
79,"diff_acf_History","glaze_osc_no_H",1.37714685901597e-04,0.0386753815328426,0.00115369676113387,"> 0.05"
80,"diff_acf_History","glaze_osc_no_H",1.97713681889235e-04,0.0395056744412925,0.00117846461606654,"> 0.05"
81,"diff_acf_History","glaze_osc_no_H",5.61386222456148e-04,0.03935788989486,0.00117405616433814,"> 0.05"
82,"diff_acf_History","glaze_osc_no_H",4.110812997834e-04,0.0394948982328935,0.00117814315894745,"> 0.05"
83,"diff_acf_History","glaze_osc_no_H",9.33692603166188e-04,0.0392069400762944,0.00116955329171296,"> 0.05"
84,"diff_acf_History","glaze_osc_no_H",4.32527745821368e-04,0.0396684837756659,0.00118332126115456,"> 0.05"
85,"diff_acf_History","glaze_osc_no_H",-6.49604561052785e-05,0.0390826468443479,0.00116584559204862,"> 0.05"
86,"diff_acf_History","glaze_osc_no_H",-9.67543543260347e-04,0.0389450472973544,0.00116174096152118,"> 0.05"
87,"diff_acf_History","glaze_osc_no_H",1.32352121292714e-06,0.0393518847776719,0.00117387703011954,"> 0.05"
88,"diff_acf_History","glaze_osc_no_H",-2.57461457898415e-04,0.0398003230055717,0.00118725405991451,"> 0.05"
89,"diff_acf_History","glaze_osc_no_H",7.29940196274538e-04,0.0384769479784608,0.00114777743623216,"> 0.05"
90,"diff_acf_History","glaze_osc_no_H",4.24931271642205e-04,0.0395230395560463,0.00117898262198798,"> 0.05"
91,"diff_acf_History","glaze_osc_no_H",1.96470798345909e-04,0.0391876632419899,0.00116897825869659,"> 0.05"
92,"diff_acf_History","glaze_osc_no_H",-9.47831070426281e-04,0.0390470543167188,0.0011647838576269,"> 0.05"
93,"diff_acf_History","glaze_osc_no_H",-7.39513053187134e-04,0.0390764263534861,0.00116566003317691,"> 0.05"
94,"diff_acf_History","glaze_osc_no_H",-0.00100796569717405,0.038701346841179,0.00115447131308248,"> 0.05"
95,"diff_acf_History","glaze_osc_no_H",-2.30650243372407e-04,0.0392380035757533,0.00117047992403809,"> 0.05"
96,"diff_acf_History","glaze_osc_no_H",5.31819199488846e-05,0.038178070149321,0.00113886183230565,"> 0.05"
97,"diff_acf_History","glaze_osc_no_H",-2.96960607970628e-04,0.0386796355713221,0.00115382366021595,"> 0.05"
98,"diff_acf_History","glaze_osc_no_H",-0.00139312809922032,0.0384310080593981,0.00114640703641375,"< 0.05"
99,"diff_acf_History","glaze_osc_no_H",5.87027703952827e-04,0.0380856420966717,0.001136104679286,"> 0.05"
