"trial","type","mean","error"
1,"Attraction",0.175614068710571,0.00166071156740711
1,"Repulsion",0.176191568198772,0.00167268669116942
2,"Attraction",0.158339492224453,0.00160177006147302
2,"Repulsion",0.158414394859034,0.00163595627379876
3,"Attraction",0.140479958633689,0.00161945468685824
3,"Repulsion",0.14019164348413,0.00170419009458807
4,"Attraction",0.121447459424506,0.00156147360099795
4,"Repulsion",0.122685305859691,0.00154870115987754
5,"Attraction",0.110111816442892,0.0015429980972371
5,"Repulsion",0.107149738430585,0.00156495718077443
6,"Attraction",0.0917970836964021,0.00155432771553762
6,"Repulsion",0.0909510285350372,0.00142438111762774
7,"Attraction",0.076849968602138,0.0014890238822614
7,"Repulsion",0.074465951082506,0.00145538820389788
8,"Attraction",0.0588514952942551,0.0014137831549238
8,"Repulsion",0.0577770249526982,0.00144519630845634
9,"Attraction",0.0418941032513622,0.00135356151892023
9,"Repulsion",0.0429826825060684,0.00135868890737709
10,"Attraction",0.0253094983409168,0.00133580321578134
10,"Repulsion",0.024733818511425,0.00139797565076751
11,"Attraction",0.0114049345787226,0.00125539054199212
11,"Repulsion",0.00839881951384491,0.00130881763449928
12,"Attraction",-0.00512336490784311,0.00127398603414851
12,"Repulsion",-0.00726752176149878,0.00128317769877406
13,"Attraction",-0.0226956911039193,0.00131797162846968
13,"Repulsion",-0.0251665423495115,0.00134112146891352
14,"Attraction",-0.0415391031971748,0.00131617053430118
14,"Repulsion",-0.042420977801557,0.0013559456661503
15,"Attraction",-0.0580951773603665,0.00131827905979215
15,"Repulsion",-0.0575093252134435,0.00138574892449045
16,"Attraction",-0.0736526096739349,0.00143514950944635
16,"Repulsion",-0.0730232990084935,0.00141881334757307
17,"Attraction",-0.0864970924341124,0.00138997083570475
17,"Repulsion",-0.0871226884660816,0.00145032459833628
18,"Attraction",-0.0981025711705423,0.00144324587712207
18,"Repulsion",-0.0974537914571589,0.00140860438811892
19,"Attraction",-0.106726299451842,0.00148599871489441
19,"Repulsion",-0.10674664809311,0.00145602814180753
20,"Attraction",-0.112327431721622,0.00142981320035595
20,"Repulsion",-0.111226169927377,0.00148493502114458
21,"Attraction",-0.119706866075557,0.00147222898169634
21,"Repulsion",-0.115227593272075,0.00152020240925001
22,"Attraction",-0.121496114311843,0.00151703807065392
22,"Repulsion",-0.118977301945051,0.00151050498394635
23,"Attraction",-0.119961684794244,0.00152851950538716
23,"Repulsion",-0.11826601413785,0.00151951606501485
24,"Attraction",-0.120796430957912,0.00148054942026363
24,"Repulsion",-0.119738623684683,0.00145670214980854
25,"Attraction",-0.115344096747988,0.00152202273921188
25,"Repulsion",-0.113149774919705,0.00151591367162709
26,"Attraction",-0.108212118454148,0.00148174185862734
26,"Repulsion",-0.107105414803408,0.00154297259162743
27,"Attraction",-0.100334742190554,0.00151797840697451
27,"Repulsion",-0.0991582696693348,0.00152241393345115
28,"Attraction",-0.0904143868223596,0.00147804029449106
28,"Repulsion",-0.0900370158238276,0.0015131178362637
29,"Attraction",-0.0778312076883012,0.0014765449529447
29,"Repulsion",-0.0801464962602609,0.00144812565024022
30,"Attraction",-0.0619731280130114,0.00151558277658574
30,"Repulsion",-0.0636660927845866,0.00148671913414631
31,"Attraction",-0.0472769168039686,0.00146436813050027
31,"Repulsion",-0.0469791022302943,0.00153219525144048
32,"Attraction",-0.0320001576046344,0.00145285703456709
32,"Repulsion",-0.0305149432873765,0.00147434311011864
33,"Attraction",-0.0175032525747675,0.00151812280757804
33,"Repulsion",-0.0157330489935475,0.00151126259785287
34,"Attraction",8.26092027343872e-05,0.00149033075407698
34,"Repulsion",-6.66858781080326e-04,0.00143318175991184
35,"Attraction",0.0105900284471705,0.00147943802854631
35,"Repulsion",0.0140071652392777,0.0015000514557921
36,"Attraction",0.0247371731985348,0.00150554803403468
36,"Repulsion",0.0251653180134438,0.00148258156539085
37,"Attraction",0.0372584799008501,0.00153209188536485
37,"Repulsion",0.03854160816136,0.00155568341125285
38,"Attraction",0.0515659283295048,0.00155925962001439
38,"Repulsion",0.0501569314125781,0.0015435242739164
39,"Attraction",0.0612514308947125,0.00152891093953124
39,"Repulsion",0.0612523644943127,0.00152114476331865
40,"Attraction",0.0722108855598897,0.00157265585733318
40,"Repulsion",0.0707647969602676,0.00153875047023453
41,"Attraction",0.0775134892088349,0.00158550433035149
41,"Repulsion",0.0793141145008923,0.00161612091472024
42,"Attraction",0.0870050107636173,0.00160144519137344
42,"Repulsion",0.0862035262517556,0.00156241486709136
43,"Attraction",0.0922996805070952,0.00158450627012439
43,"Repulsion",0.0902028338425675,0.00150826781492527
44,"Attraction",0.0933387269784887,0.00159929019977123
44,"Repulsion",0.0931465260417489,0.00155258461763545
45,"Attraction",0.0953130970164956,0.00159283253014619
45,"Repulsion",0.0944061274880706,0.00152614916923823
46,"Attraction",0.0950587683318154,0.00157742867997961
46,"Repulsion",0.0944722447292956,0.00160058761433483
47,"Attraction",0.092610807506079,0.00157801081877097
47,"Repulsion",0.095534901818071,0.0016347969723906
48,"Attraction",0.0874886022189664,0.00167587493952504
48,"Repulsion",0.0887699994040284,0.00160818124229219
49,"Attraction",0.0803599856091709,0.00168308816893141
49,"Repulsion",0.0812789788441435,0.0016635951186535
50,"Attraction",0.0734549969176837,0.00169162950825096
50,"Repulsion",0.0730929889426789,0.00159665553734008
51,"Attraction",0.0656899912284062,0.00166872893349199
51,"Repulsion",0.065442157501239,0.00168975749202164
52,"Attraction",0.0548845544184208,0.00171296773031612
52,"Repulsion",0.0566868760691535,0.00171260895602058
53,"Attraction",0.045694836580411,0.00172730183482661
53,"Repulsion",0.044859245983378,0.00164672221179095
54,"Attraction",0.0353005658026231,0.00166791905747727
54,"Repulsion",0.034969076922883,0.00172489859269293
55,"Attraction",0.0215986312327457,0.00173014897682951
55,"Repulsion",0.021674086027316,0.00172498287323927
56,"Attraction",0.00926420204943148,0.00173181934281487
56,"Repulsion",0.010542265824776,0.00172305666558322
57,"Attraction",-0.00452978252203287,0.00165052269505641
57,"Repulsion",6.34462411353285e-04,0.00169602399208079
58,"Attraction",-0.0131987520090365,0.0016629031065792
58,"Repulsion",-0.0125017118085692,0.00164956986785373
59,"Attraction",-0.023674472712179,0.00162580244810121
59,"Repulsion",-0.0222749808022513,0.00161246614018871
60,"Attraction",-0.0362644945721987,0.00163968850400874
60,"Repulsion",-0.0334078523176002,0.00159593513170864
61,"Attraction",-0.0434875630376017,0.00163833980804617
61,"Repulsion",-0.0406381565278325,0.00154334278014348
62,"Attraction",-0.0518032353525603,0.00156087155153275
62,"Repulsion",-0.0507896683634749,0.00153749292002288
63,"Attraction",-0.0591074895230755,0.00152642785636721
63,"Repulsion",-0.0583706384153229,0.00153413078871961
64,"Attraction",-0.0651341886946555,0.00152583507464443
64,"Repulsion",-0.0647531016541757,0.00153204997349581
65,"Attraction",-0.0680735981920337,0.00148328615889086
65,"Repulsion",-0.0690064522890343,0.0014766679312314
66,"Attraction",-0.0699598004754362,0.00155617454181612
66,"Repulsion",-0.0719435793617561,0.00152789008955625
67,"Attraction",-0.0729828924292368,0.00150498287402826
67,"Repulsion",-0.0742651135759949,0.00149864908507551
68,"Attraction",-0.0737867046530068,0.0014786272405044
68,"Repulsion",-0.073465521826265,0.00150782897026148
69,"Attraction",-0.0721157942374788,0.00155266410110603
69,"Repulsion",-0.0708461873535702,0.00157607830186238
70,"Attraction",-0.0705462074334883,0.0015558811906881
70,"Repulsion",-0.0694223288846837,0.00156890981168592
71,"Attraction",-0.0678589568925269,0.00159616477126136
71,"Repulsion",-0.0670093143209026,0.00157672548425453
72,"Attraction",-0.0617047277340242,0.00154646282042516
72,"Repulsion",-0.0636287842320352,0.00163017328478469
73,"Attraction",-0.0561427276033314,0.00165384720990276
73,"Repulsion",-0.0566650511883147,0.00161453818336966
74,"Attraction",-0.0478492635930566,0.00166921348076137
74,"Repulsion",-0.0511476113620292,0.00164895983643347
75,"Attraction",-0.0398323122770592,0.00167804557203175
75,"Repulsion",-0.0434479671060545,0.00166043933711386
76,"Attraction",-0.0312018257116276,0.00172355398549273
76,"Repulsion",-0.033781364641404,0.0017343197107506
77,"Attraction",-0.0236296823342532,0.00177198890361845
77,"Repulsion",-0.0234069176466882,0.00177163621320444
78,"Attraction",-0.0144073975790549,0.00176691910494267
78,"Repulsion",-0.0143354818558464,0.00178098969760546
79,"Attraction",-0.00483091454841514,0.00180129060557855
79,"Repulsion",-0.00532159940218934,0.00185902726980917
80,"Attraction",0.00567099147738801,0.00179160364892581
80,"Repulsion",0.00276730216361255,0.00177814761666482
81,"Attraction",0.0134788018465143,0.00175860569791957
81,"Repulsion",0.0146093565154424,0.00175043405677037
82,"Attraction",0.0213227382666434,0.00172717158486422
82,"Repulsion",0.0208233322073459,0.00168754342384558
83,"Attraction",0.0288067472473734,0.00170699296152154
83,"Repulsion",0.0274542946240913,0.00173361414558784
84,"Attraction",0.0321498316319026,0.00166172223506398
84,"Repulsion",0.0336829654908321,0.0017324336625654
85,"Attraction",0.0423171826962944,0.00166216090128368
85,"Repulsion",0.0405269410476748,0.00169561246427032
86,"Attraction",0.0471168782287989,0.00164393390168118
86,"Repulsion",0.0466591417223826,0.00158691518794756
87,"Attraction",0.0507966624959072,0.00157166301755072
87,"Repulsion",0.0490033201893026,0.00160633428721951
88,"Attraction",0.0548741175692874,0.00162448538265055
88,"Repulsion",0.0541252157024615,0.0016295118310502
89,"Attraction",0.0564254063515044,0.00161652307956055
89,"Repulsion",0.0572454387393053,0.00160075402921442
90,"Attraction",0.0593974677813358,0.0015726263237143
90,"Repulsion",0.0576643465481746,0.00164161607770142
91,"Attraction",0.0577380833580053,0.00159818903247575
91,"Repulsion",0.0571591804921348,0.00155512037966893
92,"Attraction",0.054476375944905,0.00162154785439843
92,"Repulsion",0.0582344397882448,0.00157477369109821
93,"Attraction",0.0521165937753818,0.00163055902213498
93,"Repulsion",0.055520152240434,0.00163542211657302
94,"Attraction",0.0504641844144783,0.0016745347021521
94,"Repulsion",0.0537415444912326,0.0016586206982453
95,"Attraction",0.047273568529882,0.00170390253932277
95,"Repulsion",0.0456614338131278,0.00170688985189477
96,"Attraction",0.0415602204179016,0.00172976143738611
96,"Repulsion",0.0432008069361855,0.00169764606571569
97,"Attraction",0.0352870200802977,0.001758625252228
97,"Repulsion",0.0354049375316102,0.00172417882837901
98,"Attraction",0.0290599970285922,0.00179690379293042
98,"Repulsion",0.0304370377829146,0.00171871072266601
99,"Attraction",0.023826589470453,0.00180768366242674
99,"Repulsion",0.0259405813036447,0.00180675015582461
100,"Attraction",0.0169084067794381,0.00185169992923277
100,"Repulsion",0.0178982150374469,0.00184347929033291
101,"Attraction",0.0114148549226785,0.00186308230428983
101,"Repulsion",0.0119865131207381,0.00179056714711788
102,"Attraction",0.00214344392653536,0.00182805159520802
102,"Repulsion",0.00397951836892132,0.00178176798536922
103,"Attraction",-0.00470881609079449,0.00182163200917667
103,"Repulsion",-0.00518819180849981,0.00177267629293275
104,"Attraction",-0.0108994302264173,0.00172125047516892
104,"Repulsion",-0.00958187691536621,0.00175556180946275
105,"Attraction",-0.0166901636860183,0.00173988461943052
105,"Repulsion",-0.0162273066268107,0.00174038281920586
106,"Attraction",-0.0226881762041569,0.0017254671491922
106,"Repulsion",-0.0211386988585003,0.00173112554105102
107,"Attraction",-0.0289068738413771,0.00170343456373561
107,"Repulsion",-0.0249895402665513,0.00173873706458402
108,"Attraction",-0.0341582267751796,0.00164963417392423
108,"Repulsion",-0.0316465803425154,0.00166475090294003
109,"Attraction",-0.0383116457964864,0.00160467075512971
109,"Repulsion",-0.0365558588527343,0.00166186607410861
110,"Attraction",-0.0424482293094107,0.00159412602240444
110,"Repulsion",-0.0384442356565749,0.00163450415973398
111,"Attraction",-0.0421953158326946,0.00153445562059463
111,"Repulsion",-0.0413675244018425,0.00159748440746465
112,"Attraction",-0.044661096144337,0.0016068585091073
112,"Repulsion",-0.0427307568927173,0.00155095584459798
113,"Attraction",-0.0442408259401137,0.00156269191474512
113,"Repulsion",-0.0438966081867909,0.00156502754651444
114,"Attraction",-0.0437492435639035,0.00152299817136721
114,"Repulsion",-0.0445337910280654,0.00155164554564301
115,"Attraction",-0.0439950025739536,0.00155825307848442
115,"Repulsion",-0.041405441970621,0.00162473594459622
116,"Attraction",-0.0417634545047668,0.00159525284623906
116,"Repulsion",-0.0412674441028922,0.00161089956281324
117,"Attraction",-0.0387234536663527,0.00169690859763418
117,"Repulsion",-0.0391939820091392,0.00166639969542213
118,"Attraction",-0.0352773474312493,0.0017254583462098
118,"Repulsion",-0.0340216153949245,0.00176509685964436
119,"Attraction",-0.03297948948175,0.001696990819811
119,"Repulsion",-0.0306331139004432,0.00170608477570834
120,"Attraction",-0.0248204079323178,0.00174239133839106
120,"Repulsion",-0.0277357890293036,0.00172325592673296
121,"Attraction",-0.0200944005811982,0.00177049103404895
121,"Repulsion",-0.0228061767067607,0.00166567046707856
122,"Attraction",-0.0167365729223414,0.0017341316001755
122,"Repulsion",-0.0184147495497745,0.00172984700764882
123,"Attraction",-0.0100882686018924,0.00180259322031556
123,"Repulsion",-0.0116879312701946,0.00178962935866225
124,"Attraction",-0.00566784512510127,0.00185979561501461
124,"Repulsion",-0.00580695928900592,0.00170654922733192
125,"Attraction",-0.0011967580391653,0.00177623658348421
125,"Repulsion",2.2363220999142e-05,0.00179832345357678
126,"Attraction",0.00367324766962624,0.00176450661148161
126,"Repulsion",0.00264696391347006,0.00178516019175847
127,"Attraction",0.0105165101863629,0.00179000798507453
127,"Repulsion",0.00857243957127403,0.00175240601635938
128,"Attraction",0.0156997704806361,0.0017718684601014
128,"Repulsion",0.0156958003250132,0.0017477121093137
129,"Attraction",0.0186659536155878,0.00175302372119632
129,"Repulsion",0.0182294575969952,0.0017261648742164
130,"Attraction",0.0221156333589972,0.00172438951309504
130,"Repulsion",0.0226597134296651,0.00170024182926862
131,"Attraction",0.0279994338796259,0.00167989178724868
131,"Repulsion",0.025798117081199,0.00165473717268779
132,"Attraction",0.0295831042869369,0.00162619737118013
132,"Repulsion",0.0292843875333075,0.00164618659613603
133,"Attraction",0.0326858143608168,0.00161122238886991
133,"Repulsion",0.0316331312382121,0.00161179700535548
134,"Attraction",0.0326354654541176,0.00163095931022804
134,"Repulsion",0.0312830068893763,0.00164896336198528
135,"Attraction",0.033393180698035,0.00162254833883406
135,"Repulsion",0.0340656744957324,0.00157004087842705
136,"Attraction",0.0360524948326546,0.00158998137898142
136,"Repulsion",0.0351952603208869,0.00159204861083473
137,"Attraction",0.0322442395389274,0.00161565803380613
137,"Repulsion",0.0352885347498204,0.00162814811558734
138,"Attraction",0.0314418163195301,0.00168478154824996
138,"Repulsion",0.0329211127467183,0.00165244658106259
139,"Attraction",0.0314556939749182,0.00163876073693165
139,"Repulsion",0.0309756824286994,0.00159605965513223
140,"Attraction",0.0283289533905848,0.00165820664223721
140,"Repulsion",0.0274780949490561,0.00164745434275951
141,"Attraction",0.0260661913116983,0.00171270701424327
141,"Repulsion",0.0269890178914594,0.00166456662857871
142,"Attraction",0.0236135489938042,0.00174309442842686
142,"Repulsion",0.0225686002969088,0.00172568642800967
143,"Attraction",0.0207907330468614,0.00171412427729183
143,"Repulsion",0.0226858620778608,0.00166232828643464
144,"Attraction",0.0171641609929922,0.00174902184865951
144,"Repulsion",0.0178999698791891,0.00177336347049893
145,"Attraction",0.0105607586061066,0.00172574355155138
145,"Repulsion",0.0109343081950046,0.00172952675546909
146,"Attraction",0.00824497241538122,0.00175051308539664
146,"Repulsion",0.00688488755552149,0.00175921357764802
147,"Attraction",0.00347495736561969,0.00179013251730994
147,"Repulsion",0.00313686386406242,0.00175763141825776
148,"Attraction",1.85970961421287e-05,0.00175982378102155
148,"Repulsion",6.20151978692572e-04,0.00169769287519404
149,"Attraction",-0.00723777094875196,0.00177055723637578
149,"Repulsion",-0.00517092391596212,0.00171766722532621
150,"Attraction",-0.00888631122103549,0.00169627140897066
150,"Repulsion",-0.00853357542288095,0.00170071319135384
151,"Attraction",-0.0123855976961395,0.00172531594570772
151,"Repulsion",-0.0112140414616611,0.00169941853776066
152,"Attraction",-0.0175079894836798,0.00161386671934548
152,"Repulsion",-0.0169314863878079,0.00169909052348239
153,"Attraction",-0.0188023555506895,0.00163619431627461
153,"Repulsion",-0.0192931436106487,0.00162051480989264
154,"Attraction",-0.021586622752015,0.00162562817812879
154,"Repulsion",-0.0209520586194127,0.00167922602836235
155,"Attraction",-0.0222298387112872,0.00163604922025248
155,"Repulsion",-0.0237505157010492,0.00162751910299497
156,"Attraction",-0.0232908025343104,0.00162443423132392
156,"Repulsion",-0.0250024009826329,0.00156451666927713
157,"Attraction",-0.0240594759595383,0.00159048359845737
157,"Repulsion",-0.0248522811925945,0.0016220333239661
158,"Attraction",-0.0253593250567242,0.00159906213598537
158,"Repulsion",-0.0270944576295144,0.00158144294250672
159,"Attraction",-0.0247595038906212,0.00149788353474746
159,"Repulsion",-0.0279578486717251,0.0015675885988331
160,"Attraction",-0.0249361252614049,0.00162587851324103
160,"Repulsion",-0.0265874659935937,0.0016129384943912
161,"Attraction",-0.0258402183759477,0.00155164558175583
161,"Repulsion",-0.0264424184802774,0.0016414503087338
162,"Attraction",-0.0230949584135676,0.00161171553986381
162,"Repulsion",-0.0258303172611791,0.00154306010150879
163,"Attraction",-0.0213764419173507,0.00165492549906312
163,"Repulsion",-0.0219968110730401,0.00163781686356091
164,"Attraction",-0.0193683009525653,0.00160049537709483
164,"Repulsion",-0.0200958068157037,0.00168686700595927
165,"Attraction",-0.0162116634011782,0.00166956740605234
165,"Repulsion",-0.0180441882593884,0.00166739498789203
166,"Attraction",-0.0145929936284099,0.00169305088637153
166,"Repulsion",-0.0143626977409125,0.00167978845337636
167,"Attraction",-0.0100021941138755,0.00170145858561546
167,"Repulsion",-0.0117736192879148,0.00170306298793897
168,"Attraction",-0.00759625319647145,0.00170540263447615
168,"Repulsion",-0.00943625282551639,0.00171991155254254
169,"Attraction",-0.00457466906157744,0.00166844082316449
169,"Repulsion",-0.00377438610492281,0.0017063349438896
170,"Attraction",-9.15977901705646e-04,0.0017069526397608
170,"Repulsion",-7.2284447717186e-04,0.00174059474269116
171,"Attraction",0.00334154419455292,0.00170468806964919
171,"Repulsion",0.00276304077360191,0.00172984304592575
172,"Attraction",0.00629156389241739,0.00173936694577775
172,"Repulsion",0.00491593087473767,0.00172816410207468
173,"Attraction",0.0102863926649014,0.0016598951911668
173,"Repulsion",0.00748968520724093,0.00164885952989033
174,"Attraction",0.0103880620735813,0.00160076185417501
174,"Repulsion",0.0118383015713353,0.00166976089794159
175,"Attraction",0.0127069039908983,0.00162510967821027
175,"Repulsion",0.013554655790649,0.00168708610997365
176,"Attraction",0.0152298278915588,0.00166372178024264
176,"Repulsion",0.015166565905947,0.00164848886216252
177,"Attraction",0.0188298564233223,0.00155119769535876
177,"Repulsion",0.0178642889403227,0.00162251693084941
178,"Attraction",0.018058363162129,0.00158522672296739
178,"Repulsion",0.0195967216288054,0.00165651807815187
179,"Attraction",0.0195687100275593,0.00151813999073497
179,"Repulsion",0.0193598653950681,0.00165358994757136
180,"Attraction",0.0217928648485271,0.00157476725052223
180,"Repulsion",0.0200527983216564,0.00161785974759277
181,"Attraction",0.0200194654944856,0.00160043037593596
181,"Repulsion",0.0202473837067577,0.00159149088454321
182,"Attraction",0.0202129406888361,0.00152423112424969
182,"Repulsion",0.021441806374717,0.00162160317479492
183,"Attraction",0.0190804383500376,0.00157897855758788
183,"Repulsion",0.0179201499883046,0.00161606076974873
184,"Attraction",0.0177033686849776,0.00158995243364704
184,"Repulsion",0.0172735466366388,0.00162485360605046
185,"Attraction",0.0171356958972862,0.00156811581564741
185,"Repulsion",0.0184006363254282,0.00161370348416144
186,"Attraction",0.0168068113955543,0.00158057747502698
186,"Repulsion",0.015728400772632,0.0016057244716178
187,"Attraction",0.014938299179495,0.00163889783508669
187,"Repulsion",0.0136725085739959,0.00164612865065868
188,"Attraction",0.0129401161324021,0.0015766200315843
188,"Repulsion",0.0129880269861879,0.00160635012408555
189,"Attraction",0.00832682395591025,0.00164063931045442
189,"Repulsion",0.0100662307179067,0.001645154430927
190,"Attraction",0.00504617614726905,0.00167803956000818
190,"Repulsion",0.00622386195257792,0.00158684095961997
191,"Attraction",0.00492376202219463,0.00168930600249302
191,"Repulsion",0.00428051652411637,0.00159950078203291
192,"Attraction",9.87683817337761e-04,0.00168624980660619
192,"Repulsion",8.95113951831528e-04,0.00162303411440951
193,"Attraction",-9.80757756227317e-04,0.0016289828359129
193,"Repulsion",-0.00143880891679125,0.00162174107325302
194,"Attraction",-0.00307102216490065,0.00165312961164126
194,"Repulsion",-0.00377672065368289,0.00154136097323071
195,"Attraction",-0.00602437632780332,0.00164605260760836
195,"Repulsion",-0.00497125571828474,0.00164729626554129
196,"Attraction",-0.00794372885834379,0.00161203620966519
196,"Repulsion",-0.00655645596664099,0.00161095120299093
197,"Attraction",-0.00751844886793156,0.00163134880818133
197,"Repulsion",-0.00949740550993925,0.00154841163214696
198,"Attraction",-0.0102609153898157,0.00159451263533747
198,"Repulsion",-0.0108753854193221,0.001605408815166
199,"Attraction",-0.0142755936117191,0.0015001278638124
199,"Repulsion",-0.0145286676756198,0.0015618661661299
200,"Attraction",-0.0143216675157271,0.00152654561242082
200,"Repulsion",-0.014210541238403,0.00154023984001744
201,"Attraction",-0.0153349899178058,0.00151808015473947
201,"Repulsion",-0.0158276212113764,0.00155828664182562
202,"Attraction",-0.014272861752993,0.00151372328302957
202,"Repulsion",-0.0162804541975067,0.00156686002215138
203,"Attraction",-0.0150386139571303,0.00151086864448219
203,"Repulsion",-0.0175507641328622,0.00154687915054201
204,"Attraction",-0.0145303102494761,0.0014808642255617
204,"Repulsion",-0.0160177466559524,0.00153597612570266
205,"Attraction",-0.014140724129585,0.00142772721576742
205,"Repulsion",-0.0165605841082927,0.00152317636452025
206,"Attraction",-0.0133923067311945,0.00144318867622198
206,"Repulsion",-0.0144769651172363,0.00158568980339912
207,"Attraction",-0.0150669421453881,0.00152544104028619
207,"Repulsion",-0.0147206945153366,0.00152188850055798
208,"Attraction",-0.011563065061836,0.00155447818855115
208,"Repulsion",-0.0109650320397095,0.00153648998402146
209,"Attraction",-0.010938266216909,0.00152442238879024
209,"Repulsion",-0.0101887968050368,0.0015646062417158
210,"Attraction",-0.0112655687480695,0.00159345433296909
210,"Repulsion",-0.00965654743682816,0.00155313206020248
211,"Attraction",-0.00990256446600056,0.00156773643570078
211,"Repulsion",-0.00812345039542952,0.0015327433317555
212,"Attraction",-0.00585740213492725,0.00158502012021062
212,"Repulsion",-0.00701910516766754,0.0014826334025374
213,"Attraction",-0.00388140562662978,0.00155758175839871
213,"Repulsion",-0.0055537019490591,0.00154694887839054
214,"Attraction",-0.00307933257602374,0.00164721815984944
214,"Repulsion",-2.44853298356734e-05,0.00151031699434464
215,"Attraction",-5.93717484219205e-04,0.00159216295995906
215,"Repulsion",-4.56780892767534e-04,0.00149371812776419
216,"Attraction",7.00381134825517e-04,0.00161619433257059
216,"Repulsion",0.00125039762083326,0.00154881635538519
217,"Attraction",0.00222125558611396,0.0015886336414175
217,"Repulsion",0.00355822031068808,0.00152245351953325
218,"Attraction",0.00479826175600446,0.00157847623831595
218,"Repulsion",0.00362575308324019,0.00154669916318735
219,"Attraction",0.00582892933389429,0.00158857371004774
219,"Repulsion",0.00662183294580261,0.00151830321938297
220,"Attraction",0.00786188332057047,0.00149667286741672
220,"Repulsion",0.00870907736835224,0.00157756092569319
221,"Attraction",0.00706423946758762,0.0015140027224209
221,"Repulsion",0.00941954572407033,0.00153125973409625
222,"Attraction",0.00946281092662871,0.00145906835225421
222,"Repulsion",0.00971579186081019,0.001523160175576
223,"Attraction",0.00891978986485326,0.00151410051890164
223,"Repulsion",0.0109583701697283,0.00152120379979243
224,"Attraction",0.010303498954433,0.00145553136839667
224,"Repulsion",0.0111503899766943,0.00149014674578042
225,"Attraction",0.0103423341143713,0.00140340599321169
225,"Repulsion",0.012431975878586,0.0014836037260491
226,"Attraction",0.011873927279148,0.00144755019753393
226,"Repulsion",0.010033591086775,0.00146947391247042
227,"Attraction",0.0117859271911072,0.00141260421957747
227,"Repulsion",0.0110754412293854,0.00146022882693594
228,"Attraction",0.00958025296871265,0.00141201957274755
228,"Repulsion",0.00953046079955424,0.00146833979725127
229,"Attraction",0.00915022270002887,0.00142137743045466
229,"Repulsion",0.0106945573284374,0.00147836282355324
230,"Attraction",0.00896777942901902,0.00145311102923285
230,"Repulsion",0.0101449664911297,0.00143178637544197
231,"Attraction",0.00705904586317613,0.00143906509548111
231,"Repulsion",0.0086378163339603,0.00142279945265454
232,"Attraction",0.00681521484781292,0.0014585515574835
232,"Repulsion",0.00707550748999111,0.00145551511912884
233,"Attraction",0.00516043518397917,0.00145566641313027
233,"Repulsion",0.00581830441130569,0.00146595068045873
234,"Attraction",0.00585490649233945,0.00150138580679201
234,"Repulsion",0.00425414421434433,0.00147459773016109
235,"Attraction",0.00401176904079446,0.00143410870622078
235,"Repulsion",0.00321966532339304,0.00146396007036638
236,"Attraction",0.00290008426591591,0.0014416775360406
236,"Repulsion",0.00134126591971746,0.00146950261784782
237,"Attraction",0.0019787365904376,0.00148027387239054
237,"Repulsion",1.07923309961613e-04,0.0014948242805782
238,"Attraction",-5.83241974745711e-04,0.00145027903684273
238,"Repulsion",2.11682132392228e-04,0.00146556341409907
239,"Attraction",4.26001254671998e-04,0.0014898139332698
239,"Repulsion",-0.00202842018276422,0.00144180275093344
240,"Attraction",-0.00201670166824442,0.00147165173448842
240,"Repulsion",-0.0028395869382465,0.00145194539264953
241,"Attraction",-0.00271009680750484,0.00144123846032614
241,"Repulsion",-0.0036462260077951,0.00142488332813913
242,"Attraction",-0.00503426175193948,0.00144956760811515
242,"Repulsion",-0.00586333525974172,0.00144069944641968
243,"Attraction",-0.00541239728663201,0.00142107370563155
243,"Repulsion",-0.00632192521325258,0.00144874533940129
244,"Attraction",-0.00571881544990599,0.00144122869288385
244,"Repulsion",-0.00616708252891777,0.00143396356604877
245,"Attraction",-0.00672257405236435,0.00143813544105595
245,"Repulsion",-0.00681202838437668,0.00143203690587847
246,"Attraction",-0.00580916980039135,0.00141284424269822
246,"Repulsion",-0.00771064742695791,0.00140469840739987
247,"Attraction",-0.00774514510792019,0.00140077714857529
247,"Repulsion",-0.00996294131292535,0.00145368707370612
248,"Attraction",-0.00762788415083648,0.00136871836867751
248,"Repulsion",-0.00911128060189424,0.001410605987918
249,"Attraction",-0.00860694809759758,0.00133070623459152
249,"Repulsion",-0.0083858674790091,0.00141929058354121
250,"Attraction",-0.00795301995283973,0.00137252371299344
250,"Repulsion",-0.00757856136952681,0.00138051823076825
251,"Attraction",-0.00522483539036389,0.00135471474482966
251,"Repulsion",-0.00723948813107185,0.0014184482737031
252,"Attraction",-0.00659940081845505,0.00139810579015123
252,"Repulsion",-0.00581742882718013,0.00139799566789595
253,"Attraction",-0.00752899946554638,0.00138176340878222
253,"Repulsion",-0.00689218621729897,0.00140520263214729
254,"Attraction",-0.00578582504504467,0.00134066260542091
254,"Repulsion",-0.00496892339774296,0.00134951249735847
255,"Attraction",-0.00362679185327151,0.00135275346931667
255,"Repulsion",-0.00528385012947291,0.00136707910459922
256,"Attraction",-0.00437190829869072,0.00135110581360228
256,"Repulsion",-0.0032274057360722,0.00136536632190019
257,"Attraction",-0.00337959162936954,0.00133321220146837
257,"Repulsion",-0.00248876547373388,0.00135939049302966
258,"Attraction",-0.00295099893762621,0.00136240335115161
258,"Repulsion",-0.00278283715538135,0.00134749478438845
259,"Attraction",-0.00191183568272002,0.00139967040486207
259,"Repulsion",-8.83715392915095e-04,0.0013979371324785
260,"Attraction",3.73562614457758e-05,0.00137176867542368
260,"Repulsion",-2.21114787091203e-04,0.00136139685396612
261,"Attraction",-8.5389738982739e-04,0.00138173307973492
261,"Repulsion",-9.29238229144726e-04,0.00138548704683144
262,"Attraction",0.00110017603246436,0.00139631281515224
262,"Repulsion",0.00114641560734841,0.00138674038844717
263,"Attraction",0.00173744189587616,0.0013740966769475
263,"Repulsion",0.00166171145193863,0.00134550063436325
264,"Attraction",9.86234547811207e-04,0.00131978895995012
264,"Repulsion",0.00507864795090491,0.00134532751877095
265,"Attraction",0.00276358131321453,0.00133972216761074
265,"Repulsion",0.00420055912436635,0.00133963965251675
266,"Attraction",0.00318283993899213,0.00139250117074298
266,"Repulsion",0.00559764420926535,0.00137489284619377
267,"Attraction",0.00425547887343013,0.00135148205941137
267,"Repulsion",0.00347221930884738,0.00135524817013131
268,"Attraction",0.00530244959891228,0.00135000997954933
268,"Repulsion",0.00568517055077351,0.00134205855866132
269,"Attraction",0.00571452842796223,0.00134884968563759
269,"Repulsion",0.00594161224204707,0.00136103492117416
270,"Attraction",0.00646813177225664,0.00132092553252935
270,"Repulsion",0.00659322998551348,0.00131913485417469
271,"Attraction",0.00510825171451448,0.00128926940647448
271,"Repulsion",0.00625960642899089,0.00134586625792001
272,"Attraction",0.00414709679471858,0.00132034251245807
272,"Repulsion",0.00601103974730568,0.00135530460159848
273,"Attraction",0.00581802217426216,0.0013009354461452
273,"Repulsion",0.00745614701915974,0.00128956874760638
274,"Attraction",0.00640987955389812,0.001290177102944
274,"Repulsion",0.00387563988513912,0.00130169781554528
275,"Attraction",0.00464144245306217,0.00129694136160766
275,"Repulsion",0.00415105090253496,0.0013115187429742
276,"Attraction",0.00617207097018833,0.00129151051265391
276,"Repulsion",0.00534846431590611,0.00133270298529598
277,"Attraction",0.00517141503687558,0.00129125111166794
277,"Repulsion",0.00439371087070655,0.00128882350364661
278,"Attraction",0.00459966915035048,0.00127950815381049
278,"Repulsion",0.00545367270660731,0.0012968841906428
279,"Attraction",0.00223131152419719,0.00125688082144416
279,"Repulsion",0.00298503246949565,0.00127156682179893
280,"Attraction",0.0033051476710743,0.00128838423307955
280,"Repulsion",0.003249087029946,0.00126402834260101
281,"Attraction",0.00271306038517623,0.00124819970931248
281,"Repulsion",0.00134180173324517,0.00128477507567052
282,"Attraction",0.00134628317205249,0.00126795854023124
282,"Repulsion",4.24597809229809e-04,0.00128132505438117
283,"Attraction",8.13289734052758e-04,0.00126741667191496
283,"Repulsion",0.00147929930948314,0.00127725381106163
284,"Attraction",-1.93110952475522e-04,0.0012728453187125
284,"Repulsion",-5.47184688459549e-05,0.00129263425275222
285,"Attraction",7.88108588011127e-04,0.00123055453627869
285,"Repulsion",-4.83321504518929e-04,0.00130209727357976
286,"Attraction",-0.00157062210673982,0.00125947517247413
286,"Repulsion",-8.08073801956468e-04,0.00126527130382763
287,"Attraction",-9.93235377460747e-04,0.00126727202623167
287,"Repulsion",-0.00193689046437007,0.00126491001862047
288,"Attraction",-0.00329422545920404,0.00125385519545834
288,"Repulsion",-0.00247911984653091,0.00122876692676358
289,"Attraction",-0.00492776617433151,0.00121595050019354
289,"Repulsion",-0.00235111014984281,0.00126142411741092
290,"Attraction",-0.00358858125751031,0.00121230045011223
290,"Repulsion",-0.00417853415749802,0.00124970139766413
291,"Attraction",-0.00277641379292903,0.00123141462473001
291,"Repulsion",-0.00587856088023565,0.00122702972291056
292,"Attraction",-0.00331115608076034,0.00119392072535693
292,"Repulsion",-0.00570027366845624,0.00123858704684302
293,"Attraction",-0.00316795404451095,0.00120606697808879
293,"Repulsion",-0.00618411267843606,0.00119217823961691
294,"Attraction",-0.0042598865828981,0.00117638574119753
294,"Repulsion",-0.0057856352303979,0.0012472627130663
295,"Attraction",-0.00372620440177729,0.0011970301082267
295,"Repulsion",-0.00445333235130448,0.00117912992875065
296,"Attraction",-0.00528963800808101,0.00120485929161132
296,"Repulsion",-0.00515616715810815,0.00118279305313658
297,"Attraction",-0.00470794529891495,0.00122598447580765
297,"Repulsion",-0.00590474401565232,0.00117494061226564
298,"Attraction",-0.00377104293641564,0.00116131753818861
298,"Repulsion",-0.00419509510541198,0.00121417003854584
299,"Attraction",-0.00343430148996628,0.00117492216698448
299,"Repulsion",-0.00441148415521471,0.00120623513574007
300,"Attraction",-0.00249487681482045,0.00117099344187321
300,"Repulsion",-0.00425777758888632,0.00119455431560379
301,"Attraction",-0.00257223756322341,0.00121788737060176
301,"Repulsion",-0.00337806160050718,0.00116825393251209
302,"Attraction",-0.00282360149674487,0.00116718388054627
302,"Repulsion",-0.00309109342278301,0.00119405659325436
303,"Attraction",-0.0024385861979435,0.00119463635798492
303,"Repulsion",-0.0024141995961219,0.00119288298504662
304,"Attraction",-0.001481613076786,0.00116930267074535
304,"Repulsion",-0.00253996590293086,0.00120699022245211
305,"Attraction",-0.00103137115373782,0.00117661797769342
305,"Repulsion",-0.00131444006425775,0.00117367307260332
306,"Attraction",8.90152982509571e-05,0.00116597743315375
306,"Repulsion",-4.71464813506217e-04,0.00119862866997085
307,"Attraction",-0.00135755830823438,0.00108632962316768
307,"Repulsion",2.09505230939674e-04,0.00113878091348546
308,"Attraction",-9.3990943534623e-05,0.00115134919220202
308,"Repulsion",0.00262463906886405,0.00117427288579408
309,"Attraction",3.11888169372871e-04,0.00116489592293743
309,"Repulsion",0.00170138318184529,0.00112685994628298
310,"Attraction",0.00232514178193322,0.00114048458021412
310,"Repulsion",0.00279971039588079,0.00112256659603932
311,"Attraction",6.89796039553175e-04,0.00113879278519073
311,"Repulsion",0.00158542946990329,0.00114045492235219
312,"Attraction",0.00129367066534555,0.00112073239976444
312,"Repulsion",0.00252108008504111,0.00118042549208175
313,"Attraction",0.00113799809652314,0.0010818684771684
313,"Repulsion",0.0037961275921287,0.00117056882306954
314,"Attraction",0.0037582361545641,0.00109563144050589
314,"Repulsion",0.00302697942594274,0.00111275201637509
315,"Attraction",0.00260063077513287,0.00109160603174021
315,"Repulsion",0.00311918348280492,0.00112245560566115
316,"Attraction",0.00312372943450894,0.00112059680636741
316,"Repulsion",0.0048223576192622,0.00111960829588155
317,"Attraction",0.00220604526854431,0.00110824906180078
317,"Repulsion",0.00481059417576726,0.00109787757610618
318,"Attraction",0.00223376365928001,0.00108719510464733
318,"Repulsion",0.00449107752605888,0.00112602406679813
319,"Attraction",0.00291381926905981,0.00107171238661023
319,"Repulsion",0.00480886096681428,0.00113254790840791
320,"Attraction",0.00230115886610115,0.00105274720812841
320,"Repulsion",0.00351669614213217,0.00109661327482251
321,"Attraction",0.00311321480200756,0.00108854643270446
321,"Repulsion",0.00397874375156317,0.00108086992335317
322,"Attraction",0.00152768072413658,0.00110096292719168
322,"Repulsion",0.00361178831717803,0.00107378835508827
323,"Attraction",0.00309588030536217,0.00107657264966655
323,"Repulsion",0.00327658359237048,0.00107556888106659
324,"Attraction",0.00171815919676096,0.0010582884320275
324,"Repulsion",0.00268565016706437,0.00107897659394076
325,"Attraction",0.00197425716088529,0.00107950636531352
325,"Repulsion",0.00164564670474731,0.00102869153371975
326,"Attraction",0.00212156060741154,0.00103731265837464
326,"Repulsion",0.00255005633958987,0.00106567125442308
327,"Attraction",0.00239033238270565,0.00104213023054118
327,"Repulsion",0.00172410119490319,0.00105049428506457
328,"Attraction",5.17016888231509e-04,0.00102311722425142
328,"Repulsion",0.00248286289750159,0.00104654600654782
329,"Attraction",0.00204599833590714,0.00101481715538537
329,"Repulsion",0.0012960451978271,0.00107976681329736
330,"Attraction",0.00126942279844312,0.00104624875917586
330,"Repulsion",-1.52087901916607e-04,0.00104692704326992
331,"Attraction",0.00203876019860752,0.00103517896011009
331,"Repulsion",-0.00125988695783125,0.00106257365359982
332,"Attraction",6.71837872507372e-04,9.98951049725612e-04
332,"Repulsion",-0.00143656711896635,0.00101163636057114
333,"Attraction",7.49214943707816e-05,9.94678680153362e-04
333,"Repulsion",-0.00177984433412512,0.00103994320244103
334,"Attraction",-2.08443121366959e-04,0.0010138365450852
334,"Repulsion",-0.00217946918975406,0.00102667999583018
335,"Attraction",-3.23151825643102e-04,0.00102314747311451
335,"Repulsion",-0.0013938094808861,0.00103272957352306
336,"Attraction",-7.69698278953161e-04,0.00100085479889385
336,"Repulsion",-9.74176390949469e-04,0.00101816058420889
337,"Attraction",-4.25919767569805e-04,0.00100728023123121
337,"Repulsion",-0.00204996879436941,0.00101879877789168
338,"Attraction",-0.00124255541776495,9.98810644475409e-04
338,"Repulsion",-0.0031303222465746,9.82672528472513e-04
339,"Attraction",-0.00181917325875117,0.00101042426342378
339,"Repulsion",-0.00293743327865742,9.97475279613742e-04
340,"Attraction",-0.00173744488702808,0.00101321823837763
340,"Repulsion",-0.00249304353600245,9.80674472855558e-04
341,"Attraction",-0.002408029027105,0.00101556814314688
341,"Repulsion",-0.00309574460107693,9.757466146214e-04
342,"Attraction",-0.00146523236812048,0.00100506747387891
342,"Repulsion",-0.00306808272521895,9.83662978265425e-04
343,"Attraction",-0.00241065736434409,9.74391031992904e-04
343,"Repulsion",-0.00289891153943402,9.82319141977338e-04
344,"Attraction",-0.00356726010128259,9.48289935649387e-04
344,"Repulsion",-0.00300368447166336,9.26896084744749e-04
345,"Attraction",-0.00231708446778867,9.50722857272112e-04
345,"Repulsion",-0.00359666298174405,9.36915718352259e-04
346,"Attraction",-0.00217327150508374,8.94416790184144e-04
346,"Repulsion",-0.00195228983094814,9.09084111545706e-04
347,"Attraction",-0.00106272347113592,8.94951889323821e-04
347,"Repulsion",-0.00237825215864589,9.24795574137959e-04
348,"Attraction",-0.00167253571950223,9.55674642691869e-04
348,"Repulsion",-0.00111306410726664,9.53904358056082e-04
349,"Attraction",-0.00120507524024781,9.3946401590312e-04
349,"Repulsion",-0.00164613646266615,9.20886842914131e-04
350,"Attraction",-0.00184178246350389,9.21692079018946e-04
350,"Repulsion",-0.00111832601214717,9.48923316880816e-04
351,"Attraction",-0.0016725750257581,9.35988228684713e-04
351,"Repulsion",-3.1110553496247e-04,9.08194299937634e-04
352,"Attraction",-8.35278568480939e-04,9.19873055231954e-04
352,"Repulsion",-1.02839594690375e-04,9.04052906728386e-04
353,"Attraction",-1.15359525768822e-04,8.87925524315361e-04
353,"Repulsion",4.4522192721556e-04,9.06655570431879e-04
354,"Attraction",7.25581912793607e-05,9.07794850625194e-04
354,"Repulsion",1.61778855563432e-04,8.76823923214018e-04
355,"Attraction",-4.5911558284039e-04,8.83195451654409e-04
355,"Repulsion",-4.64022626545171e-04,8.85077288974541e-04
356,"Attraction",-1.46905553518901e-04,9.15825788389507e-04
356,"Repulsion",0.00132046469015366,9.0936149650522e-04
357,"Attraction",6.7480447576954e-04,8.75948620445923e-04
357,"Repulsion",3.02227774844786e-06,8.91864073054743e-04
358,"Attraction",0.00204561622495028,9.1060350814905e-04
358,"Repulsion",8.73961631210007e-04,8.97521976053569e-04
359,"Attraction",9.54152343692593e-04,8.98650791469596e-04
359,"Repulsion",0.00110851421173189,8.62373387568414e-04
360,"Attraction",6.29328932896886e-04,8.77377630697927e-04
360,"Repulsion",0.0020255067860395,8.90310341021145e-04
361,"Attraction",0.00100345047736291,8.88371715074659e-04
361,"Repulsion",9.02091100905881e-04,8.56388484340142e-04
362,"Attraction",0.00139696350377753,8.5158916195146e-04
362,"Repulsion",0.0017563975262976,8.5806534984938e-04
363,"Attraction",0.00116578410385703,8.45211919468439e-04
363,"Repulsion",0.00122827752011068,8.45129989136191e-04
364,"Attraction",0.00121638966290745,8.19970541627294e-04
364,"Repulsion",0.00270682293043113,8.5924358205309e-04
365,"Attraction",0.0026171031236737,8.37374694608871e-04
365,"Repulsion",0.00230775227758025,8.40631722520387e-04
366,"Attraction",3.19057672872232e-04,8.13067037111035e-04
366,"Repulsion",0.00210812373920044,8.33798003229872e-04
367,"Attraction",0.00118323924901333,8.44737662852802e-04
367,"Repulsion",0.00218898658534135,8.13973891765765e-04
368,"Attraction",0.00110430800508273,8.07167678690059e-04
368,"Repulsion",0.00172700713310197,8.21936912322327e-04
369,"Attraction",0.00134078220465934,8.27688834604911e-04
369,"Repulsion",0.00145673245409081,7.96794218901436e-04
370,"Attraction",0.0021753354257743,8.03258041123397e-04
370,"Repulsion",0.00133949944997415,7.90513156137285e-04
371,"Attraction",0.00131842557412206,7.97253769428975e-04
371,"Repulsion",0.00159067610686695,8.0847079376322e-04
372,"Attraction",0.00221335857865356,7.99583856424823e-04
372,"Repulsion",0.00122355381715271,8.15513653214804e-04
373,"Attraction",0.00180013047238296,7.98238117235031e-04
373,"Repulsion",1.69204979007285e-04,7.76248793501578e-04
374,"Attraction",6.67631108442752e-04,7.98744558082517e-04
374,"Repulsion",1.50497672968686e-04,7.92994676941145e-04
375,"Attraction",2.29618291122629e-04,7.99376068161925e-04
375,"Repulsion",2.01217434452584e-04,7.76709423645011e-04
376,"Attraction",0.00111193060696929,7.7312101838451e-04
376,"Repulsion",2.32832343665764e-04,7.80790210567466e-04
377,"Attraction",-4.94843028382823e-04,7.54845337195617e-04
377,"Repulsion",-5.14638312863923e-04,7.87912231987316e-04
378,"Attraction",4.31449593435804e-04,7.72373515256974e-04
378,"Repulsion",-4.54704974259411e-04,7.51823965589847e-04
379,"Attraction",-7.76791426210857e-05,7.66791732331567e-04
379,"Repulsion",-7.3286046645521e-04,7.41211824232392e-04
380,"Attraction",3.65981983317973e-04,7.70391544950328e-04
380,"Repulsion",-0.00104840959772065,7.38711181902818e-04
381,"Attraction",-8.60698529034307e-05,7.49445901812546e-04
381,"Repulsion",-0.00127413420671324,7.25600013078769e-04
382,"Attraction",-7.89711193265364e-04,7.13027862445045e-04
382,"Repulsion",-8.45320832726282e-04,7.2018418568219e-04
383,"Attraction",-4.68561576438715e-04,7.1151121680744e-04
383,"Repulsion",-0.00222569392898416,6.92675344766412e-04
384,"Attraction",3.51096130073918e-04,7.25112234110494e-04
384,"Repulsion",-0.00193465997955593,7.21553982856798e-04
385,"Attraction",-5.57909302318997e-04,7.17520546124698e-04
385,"Repulsion",-0.00234505546145918,7.19178985195583e-04
386,"Attraction",-0.00123435304147984,6.95868513497931e-04
386,"Repulsion",-0.00107461675857315,6.82297860057853e-04
387,"Attraction",-5.42043012149919e-04,6.94080179821955e-04
387,"Repulsion",-0.00199485330253226,6.66914758598502e-04
388,"Attraction",-0.00109642099223669,6.81109600141287e-04
388,"Repulsion",-8.63448441677123e-04,6.81470809403689e-04
389,"Attraction",-0.00114544369308003,6.72185467008839e-04
389,"Repulsion",-0.00144891152598577,6.71820774584855e-04
390,"Attraction",-3.01862433209739e-04,7.01602709728974e-04
390,"Repulsion",-0.0013025352278035,6.66020586715954e-04
391,"Attraction",6.05792964571321e-05,6.78136520297451e-04
391,"Repulsion",-7.71349913084201e-04,6.63787048299093e-04
392,"Attraction",2.47993617266033e-04,6.67291368058999e-04
392,"Repulsion",-0.00116868965751419,6.74051425278811e-04
393,"Attraction",-5.88021665677252e-04,6.57516164673698e-04
393,"Repulsion",-0.00102752977125529,6.46529070675389e-04
394,"Attraction",3.80775358114634e-04,6.51252340880166e-04
394,"Repulsion",-2.10623669235002e-04,6.61154279030499e-04
395,"Attraction",-0.00117567290911954,6.60373903062793e-04
395,"Repulsion",-3.69870020758413e-04,6.46933339968473e-04
396,"Attraction",-5.3965598445904e-05,6.38007010891212e-04
396,"Repulsion",-1.48234456711257e-04,6.50793383957499e-04
397,"Attraction",-5.51058299494872e-04,6.46079569023264e-04
397,"Repulsion",7.48370458580324e-06,6.38502057431495e-04
398,"Attraction",-0.00113147122327999,6.47283603696787e-04
398,"Repulsion",5.41988252485466e-04,6.27871787539456e-04
399,"Attraction",-2.14050613134953e-04,6.14145884494819e-04
399,"Repulsion",-2.56354544008195e-04,6.16599107435583e-04
400,"Attraction",6.15573681573502e-05,6.23229900016883e-04
400,"Repulsion",-1.48537906320482e-04,6.31130059682226e-04
401,"Attraction",-2.5031668116377e-04,6.1054792507144e-04
401,"Repulsion",7.52133751457182e-04,6.20830728415899e-04
402,"Attraction",1.81595237230464e-04,6.07490448456935e-04
402,"Repulsion",5.25178631336411e-04,6.19354021883535e-04
403,"Attraction",-4.11114045881442e-04,5.89973184529407e-04
403,"Repulsion",0.00133805820731882,5.97145591795345e-04
404,"Attraction",6.33053767600657e-05,6.10330571128792e-04
404,"Repulsion",8.12280593822741e-04,5.80091983015866e-04
405,"Attraction",-3.18948350122056e-05,5.90072212655702e-04
405,"Repulsion",6.99268022048938e-04,5.63383123245401e-04
406,"Attraction",1.07852874931619e-04,5.63782500361783e-04
406,"Repulsion",5.72562984326964e-04,5.55937548819414e-04
407,"Attraction",-2.44228830263124e-04,5.7166452096617e-04
407,"Repulsion",0.00123229586317078,5.78777618117303e-04
408,"Attraction",-5.23876785781778e-05,5.51403768059481e-04
408,"Repulsion",8.64139186851769e-04,5.48650585102325e-04
409,"Attraction",5.47897551535238e-04,5.47015109852703e-04
409,"Repulsion",0.00109947298209235,5.54742039426022e-04
410,"Attraction",-1.32107908961816e-04,5.64382492819714e-04
410,"Repulsion",0.0017793787454661,5.27286491782122e-04
411,"Attraction",3.97976606458294e-04,5.39113699197923e-04
411,"Repulsion",0.00118357619237274,5.35755898278353e-04
412,"Attraction",6.50596689614808e-04,5.35308039071238e-04
412,"Repulsion",8.0128850763995e-06,5.43170668695017e-04
413,"Attraction",6.48885541413859e-04,5.01419610506886e-04
413,"Repulsion",5.84495856668444e-04,5.2664922307482e-04
414,"Attraction",3.7121698122153e-04,4.97253911562939e-04
414,"Repulsion",6.14614323242247e-04,5.04810582465448e-04
415,"Attraction",3.49635515926285e-04,5.19634537640406e-04
415,"Repulsion",9.52699779090545e-04,4.99427142157316e-04
416,"Attraction",2.89337703040255e-05,5.04599450986975e-04
416,"Repulsion",9.26819210769531e-04,5.0841668590363e-04
417,"Attraction",1.11066285529954e-04,4.82665566045071e-04
417,"Repulsion",6.44377090669831e-04,5.27302790350568e-04
418,"Attraction",-4.43703812045211e-04,4.7487835801461e-04
418,"Repulsion",0.00106426744097044,5.15981968316879e-04
419,"Attraction",1.20106223975163e-04,4.8591080844519e-04
419,"Repulsion",3.9827433077109e-04,4.87703905699807e-04
420,"Attraction",2.21441104299366e-04,4.74655836342107e-04
420,"Repulsion",5.26906825969422e-04,5.14798691687508e-04
421,"Attraction",5.53673332835933e-04,4.77171588426563e-04
421,"Repulsion",-3.59810892680153e-04,4.91380060339894e-04
422,"Attraction",-3.19821567463575e-04,4.77099970370001e-04
422,"Repulsion",-8.05299718532799e-04,4.80319111924302e-04
423,"Attraction",-6.37505639083033e-04,4.53362017553591e-04
423,"Repulsion",-6.8053530137604e-04,4.87805810099512e-04
424,"Attraction",-3.68693945167891e-04,4.71490774630859e-04
424,"Repulsion",-0.00116274307880685,4.57104309477411e-04
425,"Attraction",-1.69521978738935e-04,4.54431502992262e-04
425,"Repulsion",-9.88650584164709e-04,4.71819338931938e-04
426,"Attraction",-5.96382671547511e-04,4.63009740735994e-04
426,"Repulsion",-8.67470583703047e-04,4.70192434153162e-04
427,"Attraction",-0.00129299634594521,4.44279613501201e-04
427,"Repulsion",-0.00111620035588043,4.72916367296904e-04
428,"Attraction",-6.85329313948728e-04,4.66277078755876e-04
428,"Repulsion",-7.77258444653232e-04,4.74646675077428e-04
429,"Attraction",-9.00061352070035e-04,4.61720428868944e-04
429,"Repulsion",-0.00122154772431523,4.51930480950744e-04
430,"Attraction",-7.82851505765155e-04,4.50571044229025e-04
430,"Repulsion",-0.00108160375865024,4.3842407231281e-04
431,"Attraction",-7.30021369155356e-04,4.43290245671193e-04
431,"Repulsion",-0.00156314690360322,4.44214491383353e-04
432,"Attraction",-0.00105671070078129,4.33326846361462e-04
432,"Repulsion",-0.00154953075832438,4.43696697644667e-04
433,"Attraction",-8.53983322673018e-04,4.34791636195983e-04
433,"Repulsion",-0.00143108389490595,4.44615193440832e-04
434,"Attraction",-9.86474355207834e-04,4.39700820615708e-04
434,"Repulsion",-0.00223323499299415,4.02198502273919e-04
435,"Attraction",-8.36357924347134e-04,4.26516944869031e-04
435,"Repulsion",-0.00169589768351347,4.14263568084238e-04
436,"Attraction",-0.00111395118698642,4.34527566774292e-04
436,"Repulsion",-0.00173690351443493,4.1794578623531e-04
437,"Attraction",-0.00150323405071734,4.22664729533283e-04
437,"Repulsion",-0.00166905456568129,4.20769842180234e-04
438,"Attraction",-0.00164996191390624,4.25206488309523e-04
438,"Repulsion",-0.00197568390574035,4.00638906115321e-04
439,"Attraction",-0.00206868734325726,4.27029094781269e-04
439,"Repulsion",-0.00200351420267182,4.04902906378179e-04
440,"Attraction",-0.00202265710670681,4.22328653957602e-04
440,"Repulsion",-0.00195845046614851,3.90829657517442e-04
441,"Attraction",-0.00203065091245844,4.41473099034666e-04
441,"Repulsion",-0.00221494080338832,4.12614049814796e-04
442,"Attraction",-0.00187790498323246,4.21632867645502e-04
442,"Repulsion",-0.00179401177561897,3.99968837753282e-04
443,"Attraction",-0.00301898197297961,4.25410318851482e-04
443,"Repulsion",-0.00273453236301364,4.16084281483787e-04
444,"Attraction",-0.00218840134266604,4.31919217299332e-04
444,"Repulsion",-0.00252327214132104,4.16522669066219e-04
445,"Attraction",-0.00203663162634353,4.09108775782254e-04
445,"Repulsion",-0.0024338474583514,3.85209626147197e-04
446,"Attraction",-0.0029722111593249,4.05978822741724e-04
446,"Repulsion",-0.0025772264463201,4.30336785000609e-04
447,"Attraction",-0.0026562560629014,4.20508003281293e-04
447,"Repulsion",-0.00247651626356076,4.21994296816617e-04
448,"Attraction",-0.00248055512825426,4.23281427092836e-04
448,"Repulsion",-0.00265944098694169,4.60260077716666e-04
449,"Attraction",-0.0029167772419898,4.34737719129329e-04
449,"Repulsion",-0.00240221170757916,4.23228223101937e-04
450,"Attraction",-0.00315338344351006,4.41607330976491e-04
450,"Repulsion",-0.00247365639080118,4.28856123627155e-04
451,"Attraction",-0.00307166978550161,4.13726470014196e-04
451,"Repulsion",-0.00291378983980359,4.08415362135394e-04
452,"Attraction",-0.00325170681709147,4.38712654293798e-04
452,"Repulsion",-0.00280194228139132,4.83254237284655e-04
453,"Attraction",-0.00349766833570229,4.47160320805476e-04
453,"Repulsion",-0.00341894704860316,4.57251468739836e-04
454,"Attraction",-0.00312114444997534,4.66949877332529e-04
454,"Repulsion",-0.00318822600953743,4.56693488191383e-04
455,"Attraction",-0.00325602060197702,4.84116543622408e-04
455,"Repulsion",-0.00334629978276715,4.9101120812102e-04
456,"Attraction",-0.00380080438175184,4.65143463572605e-04
456,"Repulsion",-0.00272231622821134,4.3685151757762e-04
457,"Attraction",-0.0036857434391254,4.50850076384835e-04
457,"Repulsion",-0.00313195493291906,4.88625230427204e-04
458,"Attraction",-0.00505904717328551,4.44486596380624e-04
458,"Repulsion",-0.00293440713335033,4.63320195575267e-04
459,"Attraction",-0.00334947879184901,4.31443205164947e-04
459,"Repulsion",-0.00327877427787378,4.94908991375229e-04
460,"Attraction",-0.00387286175196087,4.65095569978949e-04
460,"Repulsion",-0.00286545631275993,4.99147216724092e-04
461,"Attraction",-0.00324059655324086,4.59730771567274e-04
461,"Repulsion",-0.00337970410358305,4.83261877552798e-04
462,"Attraction",-0.00339688205864058,4.52084147478359e-04
462,"Repulsion",-0.00386261441166852,4.64670603208737e-04
463,"Attraction",-0.00374918468469228,4.41587469057207e-04
463,"Repulsion",-0.00356359242785974,4.99964575595733e-04
464,"Attraction",-0.00295918048341446,4.5879561994873e-04
464,"Repulsion",-0.00311630348991278,5.18970054279505e-04
465,"Attraction",-0.00381964547353144,4.69437396833452e-04
465,"Repulsion",-0.00415614754742092,5.64483130454013e-04
466,"Attraction",-0.00291651572375673,4.53706215708823e-04
466,"Repulsion",-0.00374744250684237,5.81945265126745e-04
467,"Attraction",-0.003886339908255,4.88866747035846e-04
467,"Repulsion",-0.00363386234283623,6.45711699424854e-04
468,"Attraction",-0.00303779510121861,5.05324750501657e-04
468,"Repulsion",-0.0036353089922215,5.62534353537932e-04
469,"Attraction",-0.00284289794980401,5.21068472065396e-04
469,"Repulsion",-0.00301886428148132,5.39819585660897e-04
470,"Attraction",-0.00384615529707868,5.27195001527448e-04
470,"Repulsion",-0.00320998698163808,5.46538538407201e-04
471,"Attraction",-0.00326028471622069,5.25328763223178e-04
471,"Repulsion",-0.00313873394516289,5.11402167709969e-04
472,"Attraction",-0.00394560288088253,5.40569839489225e-04
472,"Repulsion",-0.00273777927362356,5.29848992107662e-04
473,"Attraction",-0.00312788177660508,5.71163876306218e-04
473,"Repulsion",-0.00307212766241929,7.68254771214332e-04
474,"Attraction",-0.00332151168477759,5.67318738135603e-04
474,"Repulsion",-0.00392515766378844,6.93010858612771e-04
475,"Attraction",-0.00420200594987745,6.00051235905866e-04
475,"Repulsion",-0.0026850745825186,6.12093720496057e-04
476,"Attraction",-0.00362338903670124,6.63365837465954e-04
476,"Repulsion",-0.00355955930739097,6.11268506982717e-04
477,"Attraction",-0.00405425771023535,7.63685120750205e-04
477,"Repulsion",-0.00386758997067486,6.05387637597461e-04
478,"Attraction",-0.00252245565881778,6.98060972144028e-04
478,"Repulsion",-0.0029145790791387,7.04653651559675e-04
479,"Attraction",-0.00362692358590253,7.39907155404182e-04
479,"Repulsion",-0.00252030844404591,7.80738872229151e-04
480,"Attraction",-0.00268230050331408,7.21633957509223e-04
480,"Repulsion",-0.00334330024721344,7.31388934076638e-04
481,"Attraction",-0.00227092729283904,7.70581439749385e-04
481,"Repulsion",-0.00290728927881442,8.33132036388353e-04
482,"Attraction",-0.00232016932019338,8.07161721768522e-04
482,"Repulsion",-0.00320523504466488,7.91339050172672e-04
483,"Attraction",-0.00103359151042412,7.20476076732314e-04
483,"Repulsion",-0.00357085725528645,7.68038416765379e-04
484,"Attraction",-0.00322973974730729,5.21754583587619e-04
484,"Repulsion",-0.0030336151077001,0.00109912303995824
485,"Attraction",-0.00121576573862361,8.3222698756111e-04
485,"Repulsion",-0.00505770624819562,0.00127759281089748
486,"Attraction",-0.00165254405626295,7.37989498631334e-04
486,"Repulsion",-0.00408029677406447,0.00125426390596416
487,"Attraction",-0.0025434268577246,0.00103946918698605
487,"Repulsion",-0.00377543155486187,0.0012937253073935
488,"Attraction",-0.00248035312383878,8.50746125258576e-04
488,"Repulsion",-0.00331272879084494,9.04234654159725e-04
489,"Attraction",-0.00395006820171321,0.00155327325083997
489,"Repulsion",-0.00282880360043953,0.0011629530731655
490,"Attraction",-0.00233192051132024,0.00180256095176859
490,"Repulsion",-0.00333686465750141,0.00113630244645251
491,"Attraction",2.34349727768982e-04,0.00154353985119325
491,"Repulsion",-0.00329895680523741,0.00148899574778884
492,"Attraction",-0.00300513748005481,0.00145478066042079
492,"Repulsion",-0.00228208717732855,0.00150421556145287
493,"Attraction",-0.0010850863083021,0.00154757731971188
493,"Repulsion",-0.00364494641122459,0.0015147616857779
494,"Attraction",-1.07331675996606e-04,0.0018820400974555
494,"Repulsion",-0.00403939080299824,0.00117183797005235
495,"Attraction",-3.80459837939896e-04,7.63445306031074e-04
495,"Repulsion",-0.00347539546849124,0.00163497454739341
496,"Attraction",9.53034810094407e-05,9.1920028271088e-04
496,"Repulsion",-0.00441548436887859,0.00170359974389648
497,"Attraction",-0.00266299630585519,0.0033946374597875
497,"Repulsion",-0.00353904315582229,0.00159257046177491
498,"Attraction",-0.00561202289494372,0.00299658780343657
498,"Repulsion",-0.00326238202613969,0.00120412231286125
499,"Attraction",-0.00447125170109604,0.00175736872328308
499,"Repulsion",6.65464902366846e-05,0.0014184094908505
500,"Attraction",-0.00193559969210813,0.00400571170664526
500,"Repulsion",-0.00196013911633508,0.00196505217488732
501,"Attraction",-0.00387010518535417,0.001302451987203
501,"Repulsion",-6.95602099541483e-04,0.00103358622916266
502,"Attraction",-0.00287997801709222,0.00319625205913784
502,"Repulsion",-0.0013959247895155,0.00145817762808091
503,"Attraction",0.00251153862427531,0.00328367967094297
503,"Repulsion",-0.0034427247384546,0.00179628969623738
504,"Attraction",-9.42619281723947e-04,0.00172855188944722
504,"Repulsion",-5.73209253791439e-04,0.00157252867521237
505,"Attraction",0.0064203049203049,NA
505,"Repulsion",3.43285852720539e-04,0.00157219472191078
506,"Attraction",-0.00146638946638946,NA
506,"Repulsion",-2.23864369188418e-04,0.00195080861201449
507,"Attraction",-0.00917775467775465,NA
507,"Repulsion",0.00376837012378032,0.00301333566105294
508,"Attraction",0.00322037422037421,NA
508,"Repulsion",7.12343429946111e-04,0.0022099774445873
509,"Attraction",0.0104653499653499,NA
509,"Repulsion",-0.00229945299297411,5.24038861983431e-04
510,"Attraction",0.00303742203742203,NA
510,"Repulsion",-0.00178061457827974,0.00126800910441674
511,"Attraction",-0.00438045738045737,NA
511,"Repulsion",0.00218025327044841,0.00345849018504897
512,"Attraction",-0.00325225225225224,NA
512,"Repulsion",9.03581267217636e-04,NA
513,"Attraction",-0.00342584892584892,NA
514,"Attraction",0.00554054054054052,NA
515,"Attraction",-0.00443485793485792,NA
516,"Attraction",0.00397470547470546,NA
517,"Attraction",-0.00515661815661814,NA
518,"Attraction",-0.00663305613305611,NA
519,"Attraction",0.00418191268191267,NA
520,"Attraction",0.003505544005544,NA
521,"Attraction",-0.00380041580041579,NA
522,"Attraction",-0.00155162855162855,NA
523,"Attraction",-0.00302494802494802,NA
524,"Attraction",-0.00108974358974359,NA
525,"Attraction",0.0011018711018711,NA
